ADM0_NAME,ADM0_PCODE,ADM1_NAME,ADM1_PCODE,ADM2_NAME,ADM2_PCODE,F_TL,M_TL,T_TL,F_00_04,F_05_09,F_10_14,F_15_19,F_20_24,F_25_29,F_30_34,F_35_39,F_40_44,F_45_49,F_50_54,F_55_59,F_60_64,F_65_69,F_70_74,F_75_79,F_80PLUS,M_00_04,M_05_09,M_10_14,M_15_19,M_20_24,M_25_29,M_30_34,M_35_39,M_40_44,M_45_49,M_50_54,M_55_59,M_60_64,M_65_69,M_70_74,M_75_79,M_80PLUS,T_00_04,T_05_09,T_10_14,T_15_19,T_20_24,T_25_29,T_30_34,T_35_39,T_40_44,T_45_49,T_50_54,T_55_59,T_60_64,T_65_69,T_70_74,T_75_79,T_80PLUS
GHANA,GH,ASHANTI,GH02,KUMASI METROPOLITAN,,1234331,1157492,2391823,138064,125819,132170,132148,127971,112287,101344,86651,68477,55858,45663,37334,23842,19512,12035,7970,7186,141056,124437,117846,113959,129781,111450,97293,80701,63858,47832,39182,32385,20821,15495,10498,6249,4649,279120,250256,250016,246107,257752,223737,198637,167352,132335,103690,84845,69719,44663,35007,22533,14219,11835
GHANA,GH,ASHANTI,GH02,OBUASI MUNICIPALITY,,253636,240564,494200,29444,27980,32214,28917,24290,20088,18285,18592,15538,12860,8570,6189,3619,2685,1860,1279,1226,29138,27426,29885,26886,22391,19263,16690,14741,13662,13134,10562,7221,4011,2411,1537,906,700,58582,55406,62099,55803,46681,39351,34975,33333,29200,25994,19132,13410,7630,5096,3397,2185,1926
GHANA,GH,ASHANTI,GH02,EJISU-JUABEN MUNICIPAL,,70935,66219,137154,9553,8835,8211,6803,5687,5070,4868,4526,3540,3230,2800,2293,1633,1464,1041,655,726,9611,9068,8290,6628,5291,4381,4367,3987,3229,2778,2436,1936,1481,1171,714,484,367,19164,17903,16501,13431,10978,9451,9235,8513,6769,6008,5236,4229,3114,2635,1755,1139,1093
GHANA,GH,ASHANTI,GH02,BEKWAI MUNICIPALITY,GH0222,100192,91235,191427,13471,12961,11962,9384,7424,6175,6041,5924,5104,4762,4150,3497,2604,2180,1904,1351,1298,13324,12882,12094,9384,6039,5227,5051,4939,4288,4114,3640,3162,2279,1901,1286,892,733,26795,25843,24056,18768,13463,11402,11092,10863,9392,8876,7790,6659,4883,4081,3190,2243,2031
GHANA,GH,ASHANTI,GH02,MAMPONG MUNICIPAL,GH0231,42862,41059,83921,5880,5628,5187,4214,3521,2881,2722,2406,2054,2047,1633,1431,977,791,658,394,438,5710,5560,5336,4305,3351,2883,2542,2258,1905,1672,1496,1246,904,741,520,337,293,11590,11188,10523,8519,6872,5764,5264,4664,3959,3719,3129,2677,1881,1532,1178,731,731
GHANA,GH,ASHANTI,GH02,OFFINSO MUNICIPALITY,GH0234,32936,31255,64191,4676,4499,3976,3323,2773,2279,2056,1913,1547,1489,1228,914,694,587,459,266,257,4759,4452,4052,3328,2468,1932,1856,1757,1393,1279,1134,872,692,486,398,214,183,9435,8951,8028,6651,5241,4211,3912,3670,2940,2768,2362,1786,1386,1073,857,480,440
GHANA,GH,ASHANTI,GH02,ASOKORE MAMPONG MUNICIPALITY,GH0216,331509,312308,643817,40346,36366,35570,36699,34828,28828,25477,21918,17276,13890,11618,8927,6232,4961,3704,2639,2230,40991,36525,32467,30860,32402,28065,24786,21092,16133,12397,10031,8197,6204,4975,3436,2107,1640,81337,72891,68037,67559,67230,56893,50263,43010,33409,26287,21649,17124,12436,9936,7140,4746,3870
GHANA,GH,ASHANTI,GH02,ASANTE AKIM CENTRAL MUNICIPALITY,GH0213,35465,32693,68158,4801,4109,4259,3396,3089,2643,2339,2018,1686,1663,1426,1260,862,739,503,318,354,4713,4338,3994,3533,2616,2333,2114,1838,1499,1334,1088,1032,780,596,409,257,219,9514,8447,8253,6929,5705,4976,4453,3856,3185,2997,2514,2292,1642,1335,912,575,573
GHANA,GH,ASHANTI,GH02,EJURA SEKYEDUMASI MUNICIPAL,GH0226,38145,39275,77420,5355,5210,4667,4045,3360,2840,2542,2182,1791,1578,1304,925,764,584,481,279,238,6061,5423,4643,4145,3301,2752,2415,2252,1805,1549,1375,998,833,624,510,321,268,11416,10633,9310,8190,6661,5592,4957,4434,3596,3127,2679,1923,1597,1208,991,600,506
GHANA,GH,ASHANTI,GH02,AHAFO ANO SOUTH,,43599,45769,89368,6806,6303,5219,3769,3085,2801,2623,2737,2283,2017,1717,1236,1022,754,576,331,320,6966,6422,5872,4656,2966,2650,2651,2647,2317,2232,1909,1420,1109,755,565,341,291,13772,12725,11091,8425,6051,5451,5274,5384,4600,4249,3626,2656,2131,1509,1141,672,611
GHANA,GH,ASHANTI,GH02,AHAFO ANO NORTH,GH0207,59343,62741,122084,8569,8181,7278,5699,4928,4238,3824,3594,2958,2518,2331,1623,1097,972,722,412,399,8971,8218,7939,6452,4678,4227,4060,3782,3235,2643,2314,1983,1243,1062,941,551,442,17540,16399,15217,12151,9606,8465,7884,7376,6193,5161,4645,3606,2340,2034,1663,963,841
GHANA,GH,ASHANTI,GH02,AMANSIE WEST,,69437,71738,141175,10725,9454,7976,6680,5811,5009,4310,4121,3247,2874,2518,1863,1441,1085,1059,605,659,10874,9828,8537,7077,6049,5345,4677,4409,3408,2894,2470,2028,1445,975,841,485,396,21599,19282,16513,13757,11860,10354,8987,8530,6655,5768,4988,3891,2886,2060,1900,1090,1055
GHANA,GH,ASHANTI,GH02,ASANTE AKIM SOUTH,GH0215,60545,60339,120884,8931,8126,6943,5142,4165,3653,3401,3438,3202,3213,2756,2302,1623,1325,1021,654,650,9040,8008,7985,5854,3645,3384,3290,3403,3054,3006,2675,2193,1659,1273,914,562,394,17971,16134,14928,10996,7810,7037,6691,6841,6256,6219,5431,4495,3282,2598,1935,1216,1044
GHANA,GH,ASHANTI,GH02,ATWIMA NWABIAGYA,,73614,70372,143986,9528,9177,8918,7389,6572,5962,5486,5124,3716,3177,2573,1923,1256,1002,820,505,486,9828,9107,8443,7157,6097,5535,5032,4729,3656,2967,2452,1824,1341,889,621,387,307,19356,18284,17361,14546,12669,11497,10518,9853,7372,6144,5025,3747,2597,1891,1441,892,793
GHANA,GH,ASHANTI,GH02,ADANSI SOUTH,,28067,28975,57042,4408,3985,3346,2574,1985,1761,1682,1801,1495,1282,1132,757,644,437,360,203,215,4416,4026,3715,2928,1919,1710,1621,1621,1495,1391,1189,951,692,528,357,218,198,8824,8011,7061,5502,3904,3471,3303,3422,2990,2673,2321,1708,1336,965,717,421,413
GHANA,GH,ASHANTI,GH02,ADANSI NORTH,,41456,41515,82971,5949,5595,5181,4057,3023,2607,2408,2524,2232,2000,1775,1221,920,661,581,355,367,6050,5764,5744,4407,2855,2369,2181,2307,2022,1926,1744,1372,1005,716,500,281,272,11999,11359,10925,8464,5878,4976,4589,4831,4254,3926,3519,2593,1925,1377,1081,636,639
GHANA,GH,ASHANTI,GH02,AMANSIE CENTRAL,GH0210,37256,37801,75057,5769,5279,4417,3180,2414,2245,2178,2318,1911,1778,1545,1141,990,700,644,348,399,5787,5301,4974,3642,2328,2146,2073,2088,1877,1838,1572,1246,1021,667,550,370,321,11556,10580,9391,6822,4742,4391,4251,4406,3788,3616,3117,2387,2011,1367,1194,718,720
GHANA,GH,ASHANTI,GH02,ATWIMA MPONUA,GH0219,55487,59664,115151,8950,8111,6594,4619,4072,3847,3613,3463,2767,2425,2049,1571,999,821,766,429,391,9200,8300,7128,5542,3918,3925,3831,3826,3183,2785,2389,1774,1329,895,774,514,351,18150,16411,13722,10161,7990,7772,7444,7289,5950,5210,4438,3345,2328,1716,1540,943,742
GHANA,GH,ASHANTI,GH02,SEKYERE CENTRAL,GH0239,33969,33921,67890,4953,4645,4009,3052,2408,2108,1980,1934,1724,1558,1358,1088,849,799,694,362,448,5139,4735,4437,3521,2310,1979,1868,1880,1569,1442,1300,1053,845,695,550,342,256,10092,9380,8446,6573,4718,4087,3848,3814,3293,3000,2658,2141,1694,1494,1244,704,704
GHANA,GH,ASHANTI,GH02,BOSOME FREHO,GH0223,24967,24723,49690,3623,3380,2832,2061,1796,1579,1516,1490,1372,1265,1117,842,701,498,403,204,288,3880,3491,3188,2469,1533,1374,1329,1404,1194,1135,1104,844,624,472,345,173,164,7503,6871,6020,4530,3329,2953,2845,2894,2566,2400,2221,1686,1325,970,748,377,452
GHANA,GH,ASHANTI,GH02,ATWIMA KWANWOMA,GH0218,49688,47586,97274,7088,6444,5958,4703,4117,3802,3587,3182,2542,2093,1758,1323,947,712,611,392,429,7266,6459,5727,4592,3650,3507,3481,3126,2511,1911,1615,1269,978,607,461,213,213,14354,12903,11685,9295,7767,7309,7068,6308,5053,4004,3373,2592,1925,1319,1072,605,642
GHANA,GH,ASHANTI,GH02,OFFINSO NORTH,GH0235,23606,23881,47487,3880,3374,2812,2214,1856,1668,1566,1415,1172,934,778,593,443,313,248,167,173,3951,3584,3015,2427,1667,1445,1427,1351,1147,934,905,637,509,368,248,146,120,7831,6958,5827,4641,3523,3113,2993,2766,2319,1868,1683,1230,952,681,496,313,293
GHANA,GH,ASHANTI,GH02,AFIGYA KWABRE,GH0206,109862,106832,216694,15554,14425,12915,10638,9348,8420,7690,7066,5524,4685,3830,2769,2103,1825,1378,794,898,16243,14753,13361,10374,8378,7993,7301,6532,5109,4554,3605,2856,2011,1518,1028,654,562,31797,29178,26276,21012,17726,16413,14991,13598,10633,9239,7435,5625,4114,3343,2406,1448,1460
GHANA,GH,ASHANTI,GH02,KWABRE EAST,GH0229,34861,32511,67372,4724,4321,4048,3613,3226,2943,2662,2360,1676,1398,1066,880,580,528,342,276,218,4807,4375,3848,3370,2897,2569,2436,2194,1647,1249,1006,759,486,369,235,150,114,9531,8696,7896,6983,6123,5512,5098,4554,3323,2647,2072,1639,1066,897,577,426,332
GHANA,GH,ASHANTI,GH02,SEKYERE SOUTH,GH0242,77915,71754,149669,9790,9775,9533,8057,6248,4933,4498,4426,3933,3723,3279,2898,2163,1554,1357,808,940,10230,10146,9975,8158,5715,4350,3799,3587,3057,2816,2659,2072,1749,1308,1006,641,486,20020,19921,19508,16215,11963,9283,8297,8013,6990,6539,5938,4970,3912,2862,2363,1449,1426
GHANA,GH,ASHANTI,GH02,SEKYERE EAST,GH0240,27758,25499,53257,3768,3472,3202,2671,2079,1896,1687,1638,1432,1310,1200,1011,705,573,472,320,322,3837,3555,3363,2755,1891,1677,1421,1306,1107,1003,980,831,612,392,360,237,172,7605,7027,6565,5426,3970,3573,3108,2944,2539,2313,2180,1842,1317,965,832,557,494
GHANA,GH,ASHANTI,GH02,BOSOMTWE,GH0224,52127,48670,100797,7158,6664,6241,4814,4186,3792,3761,3323,2580,2193,2057,1462,1132,884,880,509,491,7313,6671,6164,4736,3473,3369,3342,3152,2610,2043,1697,1394,930,681,507,331,257,14471,13335,12405,9550,7659,7161,7103,6475,5190,4236,3754,2856,2062,1565,1387,840,748
GHANA,GH,ASHANTI,GH02,ASANTE AKIM NORTH,GH0214,33482,32467,65949,4725,4030,3862,3163,2699,2210,2081,1995,1685,1545,1449,1227,929,701,496,333,352,4793,4366,3955,3419,2567,2095,1827,1861,1594,1389,1227,1107,801,598,418,247,203,9518,8396,7817,6582,5266,4305,3908,3856,3279,2934,2676,2334,1730,1299,914,580,555
GHANA,GH,ASHANTI,GH02,SEKYERE AFRAM PLAINS,GH0238,11286,13163,24449,2114,1906,1337,1004,883,810,799,684,465,341,319,193,150,101,80,49,51,2271,1895,1546,1206,918,885,920,971,686,533,455,270,223,166,107,59,52,4385,3801,2883,2210,1801,1695,1719,1655,1151,874,774,463,373,267,187,108,103
GHANA,GH,ASHANTI,GH02,SEKYERE KUMAWU,GH0241,29268,26761,56029,4116,3802,3546,2694,2136,1750,1580,1545,1387,1387,1284,1086,778,792,613,382,390,4161,4044,3681,2833,1741,1504,1435,1242,1209,1078,1008,798,680,528,361,253,205,8277,7846,7227,5527,3877,3254,3015,2787,2596,2465,2292,1884,1458,1320,974,635,595
GHANA,GH,BRONG-AHAFO,GH04,KINTAMPO NORTH,GH0402,48831,49015,97846,7473,6830,5997,5038,4000,3465,3221,2757,2439,1901,1626,1124,901,636,597,487,339,7549,6824,6238,5408,3723,3141,2997,2769,2228,1983,1641,1404,1043,754,624,360,329,15022,13654,12235,10446,7723,6606,6218,5526,4667,3884,3267,2528,1944,1390,1221,847,668
GHANA,GH,BRONG-AHAFO,GH01,ASUNAFO NORTH MUNICIPALITY,GH0101,65706,68308,134014,10052,8907,8096,6647,5282,4631,4325,4183,3320,2751,2302,1685,1167,861,690,450,357,10390,9304,8296,6965,4979,4516,4336,4306,3385,3107,2646,2039,1426,1014,697,509,393,20442,18211,16392,13612,10261,9147,8661,8489,6705,5858,4948,3724,2593,1875,1387,959,750
GHANA,GH,BRONG-AHAFO,GH03,BEREKUM MUNICIPALITY,,81116,70920,152036,9319,9156,9801,8704,7440,6448,5524,5085,4047,3759,3202,2717,1664,1362,1140,978,770,9567,9510,9500,8163,6594,5120,4460,3902,3149,2680,2397,1835,1414,965,744,508,412,18886,18666,19301,16867,14034,11568,9984,8987,7196,6439,5599,4552,3078,2327,1884,1486,1182
GHANA,GH,BRONG-AHAFO,GH03,WENCHI MUNICIPALITY,GH0312,57282,56551,113833,8270,7578,6609,5670,4541,4129,3933,3532,2811,2412,2076,1559,1271,889,787,674,541,8311,7658,6856,6005,4396,3681,3496,3282,2894,2361,2088,1740,1280,916,672,494,421,16581,15236,13465,11675,8937,7810,7429,6814,5705,4773,4164,3299,2551,1805,1459,1168,962
GHANA,GH,BRONG-AHAFO,GH03,SUNYANI MUNICIPALITY,GH0309,60392,62095,122487,6645,5790,6645,6510,8402,5413,4491,3799,3152,2709,2138,1629,1020,823,522,375,329,6973,6176,6062,6227,9842,6226,4309,3686,2850,2501,2250,1854,1094,794,610,345,296,13618,11966,12707,12737,18244,11639,8800,7485,6002,5210,4388,3483,2114,1617,1132,720,625
GHANA,GH,BRONG-AHAFO,GH03,DORMAA MUNICIPALITY,GH0305,68448,64035,132483,8469,8019,7734,6734,5785,5131,4466,4386,3620,3447,2906,2349,1554,1126,1237,831,654,8693,8178,7741,6680,5449,4666,4143,3697,3163,2803,2616,2050,1411,923,832,561,429,17162,16197,15475,13414,11234,9797,8609,8083,6783,6250,5522,4399,2965,2049,2069,1392,1083
GHANA,GH,BRONG-AHAFO,GH04,NKORANZA SOUTH MUNICIPALITY,GH0405,55124,55575,110699,8267,7499,6499,5248,4604,4026,3936,3413,2832,2200,1892,1396,1015,749,622,482,444,8284,7621,6893,5648,4221,3793,3678,3243,2880,2474,2077,1585,1097,762,596,408,315,16551,15120,13392,10896,8825,7819,7614,6656,5712,4674,3969,2981,2112,1511,1218,890,759
GHANA,GH,BRONG-AHAFO,GH04,TECHIMAN MUNICIPALITY,GH0410,101084,97688,198772,13326,12652,12309,10758,9369,8145,7542,6514,5054,4203,3258,2422,1704,1336,956,859,677,13736,12638,11852,10110,8294,7762,6882,6152,5008,3995,3377,2612,1790,1286,941,661,592,27062,25290,24161,20868,17663,15907,14424,12666,10062,8198,6635,5034,3494,2622,1897,1520,1269
GHANA,GH,BRONG-AHAFO,GH01,TANO NORTH,GH0105,43443,43490,86933,5952,5681,5057,4152,3443,2938,2806,2774,2321,2075,1637,1435,966,784,623,406,393,6150,5754,5356,4607,3387,2834,2546,2587,2217,2115,1777,1278,966,808,525,334,249,12102,11435,10413,8759,6830,5772,5352,5361,4538,4190,3414,2713,1932,1592,1148,740,642
GHANA,GH,BRONG-AHAFO,GH01,TANO SOUTH,GH0106,42832,42097,84929,6479,5899,5108,4134,3405,3081,2709,2538,2015,1842,1512,1256,855,622,582,408,387,6744,6022,5189,4377,3071,2749,2603,2512,1966,1737,1408,1214,842,651,459,308,245,13223,11921,10297,8511,6476,5830,5312,5050,3981,3579,2920,2470,1697,1273,1041,716,632
GHANA,GH,BRONG-AHAFO,GH04,ATEBUBU-AMANTEN,GH0401,62650,65716,128366,9880,9173,7654,6376,5037,4653,4205,3408,2981,2315,1974,1258,1220,797,780,541,398,10109,9703,8013,7017,5236,4433,4275,3800,3122,2513,2056,1554,1306,909,747,479,444,19989,18876,15667,13393,10273,9086,8480,7208,6103,4828,4030,2812,2526,1706,1527,1020,842
GHANA,GH,BRONG-AHAFO,GH01,ASUNAFO SOUTH,GH0102,49629,53101,102730,8035,7164,6004,4541,4136,3512,3126,3046,2529,2042,1565,1219,882,667,551,303,307,8488,7293,6064,5175,3844,3715,3211,3304,2668,2445,2017,1582,1133,796,640,415,311,16523,14457,12068,9716,7980,7227,6337,6350,5197,4487,3582,2801,2015,1463,1191,718,618
GHANA,GH,BRONG-AHAFO,GH03,JAMAN SOUTH,GH0308,49260,44372,93632,6216,6384,6012,5128,3997,3420,3091,2754,2616,2259,1985,1525,1061,870,835,661,446,6554,6429,5895,5155,3655,2864,2413,2256,1881,1615,1544,1404,919,687,591,370,140,12770,12813,11907,10283,7652,6284,5504,5010,4497,3874,3529,2929,1980,1557,1426,1031,586
GHANA,GH,BRONG-AHAFO,GH04,PRU,,76129,80483,156612,11652,11570,9904,7977,6154,5443,5069,4354,3636,2832,2283,1433,1380,918,665,466,393,12272,12600,10807,9310,6315,5052,4754,4067,3548,2837,2775,1851,1521,1141,742,473,418,23924,24170,20711,17287,12469,10495,9823,8421,7184,5669,5058,3284,2901,2059,1407,939,811
GHANA,GH,BRONG-AHAFO,GH03,JAMAN NORTH,GH0307,43278,40662,83940,5246,5644,5530,4861,3654,2931,2597,2264,2064,1842,1680,1285,1115,793,717,575,480,5310,5778,5516,4997,4014,2856,2211,1941,1509,1425,1303,1089,833,710,533,333,304,10556,11422,11046,9858,7668,5787,4808,4205,3573,3267,2983,2374,1948,1503,1250,908,784
GHANA,GH,BRONG-AHAFO,GH04,KINTAMPO SOUTH,GH0403,39418,43587,83005,6063,5723,4877,3532,2857,2459,2608,2484,2105,1732,1471,1019,870,552,467,317,282,6149,6081,5504,4409,3237,2710,2615,2545,2219,1840,1706,1409,1029,795,640,420,279,12212,11804,10381,7941,6094,5169,5223,5029,4324,3572,3177,2428,1899,1347,1107,737,561
GHANA,GH,BRONG-AHAFO,GH04,NKORANZA NORTH,GH0404,35456,36819,72275,5009,4998,4247,3240,2491,2105,2223,2067,1912,1711,1445,1155,816,614,531,535,357,5222,4898,4805,3831,2586,2245,2009,2065,1858,1785,1550,1157,1003,585,574,371,275,10231,9896,9052,7071,5077,4350,4232,4132,3770,3496,2995,2312,1819,1199,1105,906,632
GHANA,GH,BRONG-AHAFO,GH03,DORMAA EAST,GH0304,31491,28625,60116,4314,3944,3520,2935,2295,2147,2012,2034,1612,1613,1293,1086,751,605,532,468,330,4218,3982,3672,2878,2002,1838,1539,1571,1457,1328,1188,1005,598,497,359,302,191,8532,7926,7192,5813,4297,3985,3551,3605,3069,2941,2481,2091,1349,1102,891,770,521
GHANA,GH,BRONG-AHAFO,GH03,SUNYANI WEST,GH0310,43150,41614,84764,5580,5326,5043,4104,3828,3419,3217,2871,2257,1886,1549,1258,803,708,606,338,357,5626,5344,5033,4238,3772,3324,2795,2641,2108,1742,1472,1097,816,612,462,307,225,11206,10670,10076,8342,7600,6743,6012,5512,4365,3628,3021,2355,1619,1320,1068,645,582
GHANA,GH,BRONG-AHAFO,GH01,ASUTIFI SOUTH,GH0104,26620,30426,57046,3934,3474,3139,2739,2307,2022,1787,1637,1382,1141,896,637,501,338,298,215,173,3832,3534,3427,3051,2774,2569,2431,2213,1640,1287,1023,793,548,445,338,217,304,7766,7008,6566,5790,5081,4591,4218,3850,3022,2428,1919,1430,1049,783,636,432,477
GHANA,GH,BRONG-AHAFO,GH04,SENE WEST,GH0409,34270,35962,70232,5310,5163,4279,3407,2501,2407,2427,2060,1641,1326,1146,642,654,458,366,230,253,5217,5536,4777,3890,2628,2293,1994,2067,1644,1445,1413,941,793,482,380,226,236,10527,10699,9056,7297,5129,4700,4421,4127,3285,2771,2559,1583,1447,940,746,456,489
GHANA,GH,BRONG-AHAFO,GH03,TAIN,GH0311,54038,53905,107943,7376,7344,6587,5088,4068,3708,3650,3122,2664,2276,2082,1568,1258,947,862,785,653,7220,7437,6818,5879,4194,3684,3346,3180,2576,2231,1937,1697,1218,918,635,459,476,14596,14781,13405,10967,8262,7392,6996,6302,5240,4507,4019,3265,2476,1865,1497,1244,1129
GHANA,GH,BRONG-AHAFO,GH04,SENE EAST,GH0408,34808,39484,74292,6312,5286,3851,3011,2619,2490,2436,2056,1791,1433,1103,772,590,391,288,194,185,6665,5807,4908,3988,2915,2502,2449,2225,1916,1666,1428,889,793,482,372,221,258,12977,11093,8759,6999,5534,4992,4885,4281,3707,3099,2531,1661,1383,873,660,415,443
GHANA,GH,BRONG-AHAFO,GH03,BANDA,GH0301,2515,2685,5200,370,353,310,224,172,156,159,144,135,105,89,72,73,51,41,35,26,357,371,330,280,192,183,167,146,131,125,109,87,62,53,36,29,27,727,724,640,504,364,339,326,290,266,230,198,159,135,104,77,64,53
GHANA,GH,BRONG-AHAFO,GH01,ASUTIFI NORTH,GH0103,26810,28829,55639,3888,3581,3152,2453,2264,2116,1873,1695,1460,1163,892,711,518,368,289,210,177,3909,3689,3469,2758,2181,2132,2160,1993,1599,1379,1142,786,548,384,323,207,170,7797,7270,6621,5211,4445,4248,4033,3688,3059,2542,2034,1497,1066,752,612,417,347
GHANA,GH,BRONG-AHAFO,GH03,DORMAA WEST,GH0306,26800,29540,56340,4235,3649,2998,2567,2078,2063,1831,1687,1454,1184,980,581,541,307,289,195,161,4427,3764,3160,2750,2214,2143,2071,1866,1626,1519,1238,924,630,413,374,253,168,8662,7413,6158,5317,4292,4206,3902,3553,3080,2703,2218,1505,1171,720,663,448,329
GHANA,GH,BRONG-AHAFO,GH04,TECHIMAN NORTH,GH0411,27608,26858,54466,3563,3367,3375,2885,2394,2080,1987,1817,1397,1202,1011,703,520,408,377,285,237,3580,3433,3289,2791,2273,2031,1912,1805,1446,1163,939,733,467,376,291,166,163,7143,6800,6664,5676,4667,4111,3899,3622,2843,2365,1950,1436,987,784,668,451,400
GHANA,GH,CENTRAL,GH05,CAPE COAST METROPOLIS,GH0511,104085,101577,205662,10645,9008,9720,14680,14077,8179,6854,5977,5181,4609,4035,3456,2516,2077,1203,930,938,10700,8938,8683,10723,18953,10029,7220,5640,4428,3784,3336,3097,2108,1677,1027,713,521,21345,17946,18403,25403,33030,18208,14074,11617,9609,8393,7371,6553,4624,3754,2230,1643,1459
GHANA,GH,CENTRAL,GH05,KOMENDA-EDINA-EGUAFO-ABREM MUNICIPAL,GH0517,81153,76809,157962,10872,10363,9580,7829,5805,4992,4642,4572,4230,3771,3542,2787,2464,2146,1443,1037,1078,11106,10343,9799,8021,5703,5099,4327,4297,3589,3336,3024,2567,1847,1663,947,593,548,21978,20706,19379,15850,11508,10091,8969,8869,7819,7107,6566,5354,4311,3809,2390,1630,1626
GHANA,GH,CENTRAL,GH05,ASSIN NORTH MUNICIPAL,,91901,92460,184361,13528,12368,11154,9007,7138,6036,5682,5720,4572,4198,3723,2858,1974,1567,1184,637,555,14006,12702,11973,9978,6881,5959,5265,5205,4308,4009,3474,2850,2096,1488,1102,670,494,27534,25070,23127,18985,14019,11995,10947,10925,8880,8207,7197,5708,4070,3055,2286,1307,1049
GHANA,GH,CENTRAL,GH05,EFFUTU MUNICIPALITY,GH0512,90508,84955,175463,10798,9267,9063,9075,9691,8140,6575,5273,4428,4104,3636,3153,2306,1993,1159,893,954,10892,8751,8374,8258,10233,8866,7643,5120,3662,3239,2846,2324,1579,1454,760,493,461,21690,18018,17437,17333,19924,17006,14218,10393,8090,7343,6482,5477,3885,3447,1919,1386,1415
GHANA,GH,CENTRAL,GH05,UPPER DENKYIRA EAST MUNICIPALITY,GH0521,38129,37798,75927,4693,4622,4637,3898,3317,2716,2598,2454,1982,1814,1620,1210,807,701,490,289,281,5096,4488,4565,3861,3058,2638,2493,2257,1956,1759,1570,1354,957,748,515,277,206,9789,9110,9202,7759,6375,5354,5091,4711,3938,3573,3190,2564,1764,1449,1005,566,487
GHANA,GH,CENTRAL,GH05,AGONA WEST MUNICIPALITY,GH0503,65315,58723,124038,8136,7633,7533,6492,4914,4231,4009,4162,3651,3321,3024,2521,1850,1602,953,646,637,8307,7561,7667,6242,4552,3696,3404,3243,2780,2573,2440,2111,1407,1194,765,440,341,16443,15194,15200,12734,9466,7927,7413,7405,6431,5894,5464,4632,3257,2796,1718,1086,978
GHANA,GH,CENTRAL,GH05,AWUTU SENYA EAST MUNICIPALITY,GH0510,161776,154432,316208,21920,19876,18450,16283,14730,14704,13163,12084,8535,6838,5219,3762,2460,1876,833,517,526,22731,18972,16997,13883,13340,12381,12227,11587,8821,6924,5392,4109,2837,2272,948,598,413,44651,38848,35447,30166,28070,27085,25390,23671,17356,13762,10611,7871,5297,4148,1781,1115,939
GHANA,GH,CENTRAL,GH05,MFANTSEMAN,GH0518,85883,71552,157435,10915,9826,9609,12262,6073,5137,4935,4835,4477,3994,3459,2803,2331,2062,1220,909,1036,10925,9593,9501,8320,5247,4261,3875,3758,3173,3071,2653,2202,1671,1397,859,605,441,21840,19419,19110,20582,11320,9398,8810,8593,7650,7065,6112,5005,4002,3459,2079,1514,1477
GHANA,GH,CENTRAL,GH05,ASIKUMA-ODOBEN-BRAKWA,GH0505,62149,58549,120698,9094,8369,7514,5685,3972,3478,3569,3592,3340,3142,2965,2205,1695,1355,991,606,577,9322,8583,8216,5953,3595,3044,2857,3044,2653,2607,2425,2052,1430,1132,803,468,365,18416,16952,15730,11638,7567,6522,6426,6636,5993,5749,5390,4257,3125,2487,1794,1074,942
GHANA,GH,CENTRAL,GH05,ABURA-ASEBU-KWAMANKESE,GH0501,67734,61452,129186,9169,8456,7920,6521,4641,3894,3869,3829,3454,3345,3175,2581,2120,1753,1219,812,976,9022,8493,8196,6927,4486,3435,3085,3061,2784,2474,2467,2132,1647,1373,891,509,470,18191,16949,16116,13448,9127,7329,6954,6890,6238,5819,5642,4713,3767,3126,2110,1321,1446
GHANA,GH,CENTRAL,GH05,AJUMAKO-ENYAN-ESIAM,GH0504,92159,81694,173853,12455,11584,10575,8459,5815,4815,4927,5000,4760,4746,4748,3826,3136,2628,2018,1246,1421,14319,11657,10707,8619,4710,4042,3777,3727,3444,3402,3485,2812,2223,1824,1354,842,750,26774,23241,21282,17078,10525,8857,8704,8727,8204,8148,8233,6638,5359,4452,3372,2088,2171
GHANA,GH,CENTRAL,GH05,ASSIN SOUTH,GH0508,60397,58721,119118,9012,8385,7273,5665,3965,3653,3489,3443,3122,2931,2634,2094,1491,1194,935,533,578,9146,8350,7899,6132,3766,3201,2985,3140,2744,2684,2467,1885,1505,1232,785,449,351,18158,16735,15172,11797,7731,6854,6474,6583,5866,5615,5101,3979,2996,2426,1720,982,929
GHANA,GH,CENTRAL,GH05,UPPER DENKYIRA WEST,GH0522,30817,31807,62624,4704,4307,3763,2923,2330,1984,1886,1924,1495,1378,1130,838,751,497,402,247,258,4694,4227,3998,3146,2276,2273,1996,1894,1636,1474,1208,972,687,506,393,219,208,9398,8534,7761,6069,4606,4257,3882,3818,3131,2852,2338,1810,1438,1003,795,466,466
GHANA,GH,CENTRAL,GH05,GOMOA EAST,GH0515,136489,126202,262691,19715,16616,15448,12834,11336,11129,10184,9181,6844,5644,4991,3803,2879,2261,1425,943,1256,19957,17071,14814,11974,9709,9833,9344,8543,6706,5044,3951,3107,2369,1648,928,595,609,39672,33687,30262,24808,21045,20962,19528,17724,13550,10688,8942,6910,5248,3909,2353,1538,1865
GHANA,GH,CENTRAL,GH05,GOMOA WEST,,77096,63115,140211,10481,9290,8541,7271,5293,4389,4152,4438,3890,3644,3705,2946,2694,2237,1678,1093,1354,10430,9319,8452,6849,4327,3671,3174,2981,2480,2464,2322,1860,1549,1256,863,526,592,20911,18609,16993,14120,9620,8060,7326,7419,6370,6108,6027,4806,4243,3493,2541,1619,1946
GHANA,GH,CENTRAL,GH05,AGONA EAST,GH0502,47863,44521,92384,6833,6197,5370,4474,3327,3019,2795,2817,2501,2261,2117,1738,1409,1204,777,476,548,6795,6140,5825,4592,3007,2534,2419,2398,2045,1932,1737,1567,1181,1007,630,380,332,13628,12337,11195,9066,6334,5553,5214,5215,4546,4193,3854,3305,2590,2211,1407,856,880
GHANA,GH,CENTRAL,GH05,HEMANG LOWER DENKYIRA,GH0520,25076,25130,50206,3559,3342,3077,2550,1819,1623,1597,1613,1377,1155,1021,742,584,437,251,173,156,3731,3496,3318,2703,1754,1550,1423,1544,1266,1095,945,825,563,387,262,143,125,7290,6838,6395,5253,3573,3173,3020,3157,2643,2250,1966,1567,1147,824,513,316,281
GHANA,GH,CENTRAL,GH05,TWIFO ATTI MORKWA,GH0519,28376,27850,56226,4274,3811,3461,2765,2294,2113,1759,1775,1430,1296,1023,751,580,435,282,162,165,4198,3707,3575,2865,2059,1891,1728,1611,1389,1302,1089,839,587,463,270,135,142,8472,7518,7036,5630,4353,4004,3487,3386,2819,2598,2112,1590,1167,898,552,297,307
GHANA,GH,CENTRAL,GH05,AWUTU SENYA WEST,GH0509,50513,45655,96168,7522,6411,5755,4893,3973,3497,3154,2932,2576,2264,2046,1559,1295,1079,614,451,492,7313,6300,5811,4981,3554,3025,2754,2566,2035,1846,1546,1187,1037,761,408,269,262,14835,12711,11566,9874,7527,6522,5908,5498,4611,4110,3592,2746,2332,1840,1022,720,754
GHANA,GH,CENTRAL,GH05,EKUMFI,GH0513,30461,26511,56972,4162,3924,3625,2741,1816,1604,1461,1705,1569,1487,1440,985,1150,973,704,465,650,4082,4037,3817,2942,1656,1377,1199,1178,1083,1027,934,869,701,641,423,253,292,8244,7961,7442,5683,3472,2981,2660,2883,2652,2514,2374,1854,1851,1614,1127,718,942
GHANA,GH,EASTERN,GH06,NEW JUABEN MUNICIPAL,,106682,102027,208709,10971,9968,10727,10855,10948,8648,7844,6981,5981,5444,5201,4492,2937,2139,1489,1095,962,11458,9940,9678,10233,12218,9275,7514,6582,5154,4736,4243,3757,2517,1988,1327,860,547,22429,19908,20405,21088,23166,17923,15358,13563,11135,10180,9444,8249,5454,4127,2816,1955,1509
GHANA,GH,EASTERN,GH06,BIRIM CENTRAL MUNICIPALITY,GH0607,92788,86769,179557,12108,10794,11211,9609,7520,6086,5884,5966,5111,4506,3854,3213,2378,1755,1286,778,729,12035,11184,11111,9221,6657,5581,5159,5078,4525,4057,3543,2823,2037,1615,1017,663,463,24143,21978,22322,18830,14177,11667,11043,11044,9636,8563,7397,6036,4415,3370,2303,1441,1192
GHANA,GH,EASTERN,GH06,KWAHU WEST,GH0623,45715,42988,88703,5724,5411,5194,4618,3958,3200,2785,2667,2397,2299,2109,1734,1123,922,653,473,448,5962,5453,5095,4527,3553,2997,2580,2383,2064,1995,1739,1439,1116,820,578,395,292,11686,10864,10289,9145,7511,6197,5365,5050,4461,4294,3848,3173,2239,1742,1231,868,740
GHANA,GH,EASTERN,GH06,EAST AKIM MUNICIPAL,,104892,101592,206484,12845,11264,11373,10825,8168,6524,6338,6319,5656,5584,5031,4348,3277,2863,1869,1321,1287,13217,11694,11855,10780,8279,6748,6109,5855,4868,4588,4663,4093,2986,2252,1762,1064,779,26062,22958,23228,21605,16447,13272,12447,12174,10524,10172,9694,8441,6263,5115,3631,2385,2066
GHANA,GH,EASTERN,GH06,AKWAPEM NORTH MUNICIPAL,,80538,72608,153146,9575,8866,8756,7202,5819,5385,4828,4738,4156,4033,3965,3305,2865,2460,1783,1361,1441,9898,9192,8646,7632,5621,4689,4498,4083,3302,3117,2772,2463,2126,1716,1248,893,712,19473,18058,17402,14834,11440,10074,9326,8821,7458,7150,6737,5768,4991,4176,3031,2254,2153
GHANA,GH,EASTERN,GH06,LOWER MANYA KROBO MUNICIPALITY,GH0624,42490,37813,80303,4635,4621,4784,4477,3574,3199,2971,2612,2328,2158,1787,1397,1153,962,659,606,567,4865,4409,4330,4346,3287,2773,2553,2202,1827,1663,1522,1278,909,738,492,356,263,9500,9030,9114,8823,6861,5972,5524,4814,4155,3821,3309,2675,2062,1700,1151,962,830
GHANA,GH,EASTERN,GH06,NSAWAM-ADOAGYIRI MUNICIPALITY,GH0627,58427,59199,117626,6962,6403,6405,5382,4908,4572,4270,3998,3183,2984,2712,2069,1587,1157,795,498,542,7136,6270,6172,5460,5157,5123,4777,4435,3517,2782,2514,1903,1457,1109,705,378,304,14098,12673,12577,10842,10065,9695,9047,8433,6700,5766,5226,3972,3044,2266,1500,876,846
GHANA,GH,EASTERN,GH06,SUHUM MUNICIPALITY,GH0629,39920,38547,78467,5046,4799,4398,3725,2957,2683,2633,2588,2187,2063,1840,1509,1109,892,677,439,375,5169,4863,4654,3906,2859,2549,2299,2365,1985,1865,1627,1346,1041,813,576,339,291,10215,9662,9052,7631,5816,5232,4932,4953,4172,3928,3467,2855,2150,1705,1253,778,666
GHANA,GH,EASTERN,GH06,WEST AKIM MUNICIPAL,GH0632,59789,56738,116527,7917,7186,6711,5659,4508,3973,3768,3774,3279,3110,2673,2284,1628,1263,883,617,556,8193,7361,7138,5738,3923,3399,3289,3210,2887,2682,2402,2179,1581,1121,717,519,399,16110,14547,13849,11397,8431,7372,7057,6984,6166,5792,5075,4463,3209,2384,1600,1136,955
GHANA,GH,EASTERN,GH06,YILO KROBO MUNICIPAL,GH0633,39522,37787,77309,4945,4662,4373,3722,3174,3020,2666,2414,2074,1778,1659,1359,1070,872,715,543,476,5049,4542,4484,3811,2923,2788,2502,2218,1830,1636,1542,1346,990,806,593,424,303,9994,9204,8857,7533,6097,5808,5168,4632,3904,3414,3201,2705,2060,1678,1308,967,779
GHANA,GH,EASTERN,GH06,FANTEAKWA,,57885,58428,116313,7815,7102,6574,5447,4206,3725,3414,3503,3160,3030,2500,2062,1617,1353,961,777,639,8137,7447,7283,6119,4092,3501,3360,3285,2809,2747,2678,2109,1659,1234,910,610,448,15952,14549,13857,11566,8298,7226,6774,6788,5969,5777,5178,4171,3276,2587,1871,1387,1087
GHANA,GH,EASTERN,GH06,ASUOGYAMAN,GH0608,55260,52112,107372,6702,6323,6468,5592,4185,3681,3482,3377,3153,2882,2570,2024,1589,1114,891,603,624,6875,6155,6599,5514,3871,3358,3226,2971,2687,2429,2354,2022,1431,1073,744,440,363,13577,12478,13067,11106,8056,7039,6708,6348,5840,5311,4924,4046,3020,2187,1635,1043,987
GHANA,GH,EASTERN,GH06,KWAHU SOUTH,GH0622,34432,31686,66118,4650,4174,3901,3139,2492,2087,1812,1962,1709,1733,1624,1463,978,938,698,536,536,4453,4210,4095,3397,2156,1934,1789,1683,1436,1422,1335,1098,851,687,513,385,242,9103,8384,7996,6536,4648,4021,3601,3645,3145,3155,2959,2561,1829,1625,1211,921,778
GHANA,GH,EASTERN,GH06,ATIWA,,68140,67912,136052,9557,8450,7725,5802,4672,4269,3912,3927,3617,3696,3232,2695,2067,1773,1202,749,795,9871,8906,8264,6667,4358,4080,3699,3767,3503,3332,2977,2551,2002,1680,1119,665,471,19428,17356,15989,12469,9030,8349,7611,7694,7120,7028,6209,5246,4069,3453,2321,1414,1266
GHANA,GH,EASTERN,GH06,KWAHU EAST,GH0621,37073,36026,73099,5201,4566,3879,3230,2391,2031,1967,2036,1962,1966,1784,1568,1278,1069,847,618,680,5176,4778,4566,3566,2560,2114,1829,1864,1673,1610,1563,1373,1040,967,632,398,317,10377,9344,8445,6796,4951,4145,3796,3900,3635,3576,3347,2941,2318,2036,1479,1016,997
GHANA,GH,EASTERN,GH06,UPPER MANYA KROBO,GH0630,31659,33215,64874,4493,4302,3628,2891,2319,2013,1980,1914,1866,1515,1299,866,836,579,522,335,301,4576,4432,4070,3423,2236,2024,1853,1868,1706,1697,1421,1044,966,740,526,357,276,9069,8734,7698,6314,4555,4037,3833,3782,3572,3212,2720,1910,1802,1319,1048,692,577
GHANA,GH,EASTERN,GH06,BIRIM SOUTH,,75959,72487,148446,10318,9470,8696,7282,5329,4414,4261,4723,4057,3841,3536,3024,2177,1729,1398,919,785,10508,9599,9427,7946,4750,4048,3795,3794,3742,3234,3109,2682,2080,1506,1191,611,465,20826,19069,18123,15228,10079,8462,8056,8517,7799,7075,6645,5706,4257,3235,2589,1530,1250
GHANA,GH,EASTERN,GH06,AKYEMANSA,GH0606,58909,58157,117066,8839,7823,6837,5396,3768,3377,3315,3504,3310,3129,2557,2151,1466,1355,979,537,566,8843,8204,7541,5915,3678,3131,2853,3179,2851,2863,2582,2035,1549,1136,871,515,411,17682,16027,14378,11311,7446,6508,6168,6683,6161,5992,5139,4186,3015,2491,1850,1052,977
GHANA,GH,EASTERN,GH06,BIRIM NORTH,GH0613,46757,48106,94863,6720,5963,5383,4423,3449,3189,2808,2753,2543,2358,2039,1597,1098,912,641,440,441,7077,6019,5747,4596,3334,3285,3060,2770,2504,2471,2045,1708,1294,894,593,379,330,13797,11982,11130,9019,6783,6474,5868,5523,5047,4829,4084,3305,2392,1806,1234,819,771
GHANA,GH,EASTERN,GH06,AKWAPEM SOUTH,GH0605,9776,9422,19198,1212,1150,1066,865,809,664,659,642,548,481,439,365,287,213,155,97,124,1282,1187,1138,918,670,627,614,606,491,452,391,328,239,214,125,77,63,2494,2337,2204,1783,1479,1291,1273,1248,1039,933,830,693,526,427,280,174,187
GHANA,GH,EASTERN,GH06,DENKYEMBOUR,GH0615,36554,36213,72767,4827,4622,4524,3842,2625,2338,2285,2490,2192,1796,1416,1220,760,572,426,366,253,4979,4585,4502,3769,2515,2168,2010,2170,2200,1955,1664,1242,882,622,401,330,219,9806,9207,9026,7611,5140,4506,4295,4660,4392,3751,3080,2462,1642,1194,827,696,472
GHANA,GH,EASTERN,GH06,KWAEBIBIREM,GH0618,52991,51964,104955,6871,6604,6317,5317,3849,3297,3239,3427,2965,2887,2434,1898,1209,1020,721,509,427,7197,6723,6606,5394,3589,3054,3067,2983,2691,2632,2252,2004,1310,1025,675,453,309,14068,13327,12923,10711,7438,6351,6306,6410,5656,5519,4686,3902,2519,2045,1396,962,736
GHANA,GH,EASTERN,GH06,KWAHU AFRAM PLAINS NORTH,GH0619,64032,73267,137299,11252,9309,7162,5776,5025,4560,4393,3907,3562,2797,2126,1368,1034,555,559,358,289,12070,10627,9637,7178,5118,4824,4409,4149,3612,3432,2679,1773,1386,877,715,423,358,23322,19936,16799,12954,10143,9384,8802,8056,7174,6229,4805,3141,2420,1432,1274,781,647
GHANA,GH,EASTERN,GH06,KWAHU AFRAM PLAINS SOUTH,GH0620,70717,84533,155250,12316,10490,7855,5903,5283,4975,4956,4621,4008,3258,2305,1654,1138,656,605,390,304,12828,11060,10119,8103,6037,5948,5700,5420,4531,4307,3423,2394,1625,1170,874,595,399,25144,21550,17974,14006,11320,10923,10656,10041,8539,7565,5728,4048,2763,1826,1479,985,703
GHANA,GH,EASTERN,GH06,UPPER WEST AKYEM,GH0631,47186,46477,93663,6785,6117,5272,4071,3247,3047,2793,2837,2549,2539,2106,1663,1356,1089,743,460,512,6717,6439,5899,4828,3189,2903,2586,2588,2205,2134,1965,1627,1215,889,623,356,314,13502,12556,11171,8899,6436,5950,5379,5425,4754,4673,4071,3290,2571,1978,1366,816,826
GHANA,GH,EASTERN,GH06,AYENSUANO,GH0611,33375,33662,67037,4930,4309,3521,2673,2169,2057,1958,2051,1738,1817,1600,1351,1110,811,575,334,371,5001,4458,4154,3138,2097,2033,1896,1895,1640,1626,1462,1247,1043,790,582,336,264,9931,8767,7675,5811,4266,4090,3854,3946,3378,3443,3062,2598,2153,1601,1157,670,635
GHANA,GH,GREATER ACCRA,GH07,TEMA METROPOLITAN,,169109,159637,328746,17494,15295,15509,16255,17144,16893,14860,12625,10114,8658,7009,6322,4035,3416,1541,1091,848,17683,14623,13426,13071,15882,17084,15112,12673,9511,7992,6596,5584,3879,3200,1680,945,696,35177,29918,28935,29326,33026,33977,29972,25298,19625,16650,13605,11906,7914,6616,3221,2036,1544
GHANA,GH,GREATER ACCRA,GH07,ACCRA METROPOLITAN,,906028,865092,1771120,93527,80002,80774,87711,100729,89758,78727,66830,54459,45865,37070,32519,20887,17062,8416,6301,5391,93864,77797,70777,74271,98954,94675,81369,66234,50963,41168,33640,28856,19221,15502,8249,5420,4132,187391,157799,151551,161982,199683,184433,160096,133064,105422,87033,70710,61375,40108,32564,16665,11721,9523
GHANA,GH,GREATER ACCRA,GH07,GA WEST MUNICIPALITY,,166941,165767,332708,20656,17451,16886,15426,16696,17089,15344,12839,9186,7424,5602,4747,2979,2289,1000,669,658,21273,17344,14978,13532,15743,16500,16120,13516,9947,7871,5895,5051,3235,2499,1136,592,535,41929,34795,31864,28958,32439,33589,31464,26355,19133,15295,11497,9798,6214,4788,2136,1261,1193
GHANA,GH,GREATER ACCRA,GH07,GA EAST MUNICIPALITY,GH0714,111326,112391,223717,13498,10856,10521,9998,11526,11648,10623,8635,6395,4976,3939,3249,2030,1703,769,511,449,13631,10715,9420,8537,11283,12103,11318,9618,7097,5504,4184,3502,2159,1685,803,458,374,27129,21571,19941,18535,22809,23751,21941,18253,13492,10480,8123,6751,4189,3388,1572,969,823
GHANA,GH,GREATER ACCRA,GH07,LEDZOKUKU-KROWOR MUNICIPALITY,,124632,117836,242468,13902,11846,12006,11461,11734,11888,11413,9796,7761,6611,5034,4036,2579,2120,1030,713,702,14303,11619,10596,10142,11352,11610,11240,9373,7200,5966,4669,3844,2346,1750,852,539,435,28205,23465,22602,21603,23086,23498,22653,19169,14961,12577,9703,7880,4925,3870,1882,1252,1137
GHANA,GH,GREATER ACCRA,GH07,ADENTAN MUNICIPALITY,GH0707,42843,44979,87822,5474,4282,4034,3866,4645,4891,4238,3166,2269,1767,1282,1084,711,571,236,173,154,5588,4150,3598,3245,4840,5405,4985,3922,2747,2033,1499,1173,749,554,247,122,122,11062,8432,7632,7111,9485,10296,9223,7088,5016,3800,2781,2257,1460,1125,483,295,276
GHANA,GH,GREATER ACCRA,GH07,ASHAIMAN MUNICIPALITY,GH0708,107366,107074,214440,12918,10879,10714,10737,11454,11553,10034,7976,5875,4635,3574,2838,1748,1189,554,352,336,13305,10416,8882,8956,11294,11985,10829,8685,6120,4624,3749,3109,2208,1511,739,378,284,26223,21295,19596,19693,22748,23538,20863,16661,11995,9259,7323,5947,3956,2700,1293,730,620
GHANA,GH,GREATER ACCRA,GH07,LA NKWANTANANG-MADINA MUNICIPALITY,GH0722,85952,83560,169512,9102,7435,8063,8794,9946,9357,7607,6287,4793,3986,3148,2675,1713,1456,696,491,403,9043,7314,6736,7045,10103,9966,8242,6673,4658,3809,3015,2488,1608,1292,756,478,334,18145,14749,14799,15839,20049,19323,15849,12960,9451,7795,6163,5163,3321,2748,1452,969,737
GHANA,GH,GREATER ACCRA,GH07,GA CENTRAL MUNICIPALITY,GH0713,89377,88146,177523,11552,9644,9007,8291,8544,8805,8177,6967,5236,3937,3103,2479,1409,1122,489,321,294,11793,9649,8125,7171,8038,8268,8333,7321,5572,4274,3276,2480,1621,1142,515,331,237,23345,19293,17132,15462,16582,17073,16510,14288,10808,8211,6379,4959,3030,2264,1004,652,531
GHANA,GH,GREATER ACCRA,GH07,GA SOUTH MUNICIPALITY,,313247,308979,622226,41890,36095,33185,29227,29196,29171,27638,24031,17538,14053,9956,7928,5282,3523,1942,1225,1367,42830,35543,30775,25237,26809,27895,27753,24989,19613,14705,11189,8588,5193,3966,1749,1089,1056,84720,71638,63960,54464,56005,57066,55391,49020,37151,28758,21145,16516,10475,7489,3691,2314,2423
GHANA,GH,GREATER ACCRA,GH07,LA DADE-KOTOPON MUNICIPALITY,GH0721,101506,93728,195234,10424,9085,9273,8916,10071,9830,8742,7875,6986,5706,4450,3798,2242,1702,980,742,684,10279,8979,8082,7954,9352,9435,8352,6855,5909,5473,4187,3514,2084,1560,751,523,439,20703,18064,17355,16870,19423,19265,17094,14730,12895,11179,8637,7312,4326,3262,1731,1265,1123
GHANA,GH,GREATER ACCRA,GH07,ADA WEST,GH0706,35910,34102,70012,5582,4834,4225,3580,2848,2428,2228,2045,1713,1486,1252,990,851,701,498,321,328,5640,4948,4313,3882,2866,2318,2042,1727,1372,1160,930,840,716,568,385,202,193,11222,9782,8538,7462,5714,4746,4270,3772,3085,2646,2182,1830,1567,1269,883,523,521
GHANA,GH,GREATER ACCRA,GH07,ADA EAST,GH0705,44200,40665,84865,6173,5609,4764,4188,3335,3034,2888,2496,2277,1945,1854,1492,1159,1011,722,670,583,6085,5702,4902,4270,3476,2653,2467,2123,1763,1634,1429,1267,917,761,524,367,325,12258,11311,9666,8458,6811,5687,5355,4619,4040,3579,3283,2759,2076,1772,1246,1037,908
GHANA,GH,GREATER ACCRA,GH07,KPONE-KATAMANSO,GH0719,62504,60864,123368,8225,6809,6316,5953,5887,6032,6055,5142,3604,2745,1863,1509,913,696,302,212,241,8355,6619,5464,4833,5581,5845,6002,5350,4035,2969,2100,1542,869,631,314,164,191,16580,13428,11780,10786,11468,11877,12057,10492,7639,5714,3963,3051,1782,1327,616,376,432
GHANA,GH,GREATER ACCRA,GH07,NINGO-PRAMPRAM MUNICIPALITY,GH0724,39856,36546,76402,5472,4875,4349,4025,3756,3122,2790,2359,1923,1714,1443,1081,1026,693,430,348,450,5528,4630,3971,3801,3450,2848,2713,2229,1792,1341,1190,884,700,606,360,253,250,11000,9505,8320,7826,7206,5970,5503,4588,3715,3055,2633,1965,1726,1299,790,601,700
GHANA,GH,GREATER ACCRA,GH07,SHAI OSUDOKU,GH0726,28356,27572,55928,3633,3383,3175,2758,2344,2143,2065,1785,1496,1238,1160,824,725,570,404,305,348,4070,3451,3152,2671,2563,2061,1900,1702,1353,1129,951,829,569,479,269,217,206,7703,6834,6327,5429,4907,4204,3965,3487,2849,2367,2111,1653,1294,1049,673,522,554
GHANA,GH,NORTHERN,GH08,TAMALE METROPOLIS,GH0812,118656,120929,239585,16475,14602,11702,12075,11514,10276,9072,7751,5952,4636,3766,2637,2908,2013,1519,820,938,17206,14427,11518,12277,11888,10282,9048,7898,6209,5115,4201,2964,2625,2053,1487,852,879,33681,29029,23220,24352,23402,20558,18120,15649,12161,9751,7967,5601,5533,4066,3006,1672,1817
GHANA,GH,NORTHERN,GH08,YENDI MUNICIPALITY,GH0815,74799,76129,150928,12774,11290,7513,7129,5954,5436,5473,4261,3826,2354,2173,1061,1920,1088,1200,568,779,12989,11742,8023,8311,6020,5129,4472,3789,3630,2559,2642,1278,1857,1069,1150,634,835,25763,23032,15536,15440,11974,10565,9945,8050,7456,4913,4815,2339,3777,2157,2350,1202,1614
GHANA,GH,NORTHERN,GH08,SAVELUGU-NANTON,,92107,88400,180507,16397,13776,8054,8004,7211,7231,6685,5320,4921,3244,3033,1399,2404,1497,1314,729,888,16243,14340,9118,8880,6386,5488,4996,4614,3791,3080,3088,1737,2075,1450,1456,783,875,32640,28116,17172,16884,13597,12719,11681,9934,8712,6324,6121,3136,4479,2947,2770,1512,1763
GHANA,GH,NORTHERN,GH08,BUNKPURUGU YUNYOO,,72879,71168,144047,11844,12097,9021,6992,5002,4485,4321,3765,3395,2575,2267,1528,1853,1142,1055,931,606,11690,12500,10340,7976,5069,3629,3534,3121,2557,2360,2089,1487,1396,1103,872,772,673,23534,24597,19361,14968,10071,8114,7855,6886,5952,4935,4356,3015,3249,2245,1927,1703,1279
GHANA,GH,NORTHERN,GH11,CENTRAL GONJA,GH1102,47750,48561,96311,8428,7665,5647,4364,3763,3769,3393,2769,2107,1624,1271,696,773,535,412,213,321,8604,7717,6175,4961,3424,3062,2818,2426,2155,1862,1616,922,978,638,506,308,389,17032,15382,11822,9325,7187,6831,6211,5195,4262,3486,2887,1618,1751,1173,918,521,710
GHANA,GH,NORTHERN,GH08,NANUMBA NORTH,GH0807,96337,96036,192373,18102,16348,10682,8778,7655,7025,6958,4733,4408,2841,2443,1124,1879,1044,1028,545,744,18371,16267,11373,9716,6862,5749,5381,4464,4303,3144,3167,1483,2106,1078,1111,620,841,36473,32615,22055,18494,14517,12774,12339,9197,8711,5985,5610,2607,3985,2122,2139,1165,1585
GHANA,GH,NORTHERN,GH08,NANUMBA SOUTH,GH0808,62776,64230,127006,11830,10495,7183,5880,5088,4675,4590,3106,2765,1764,1444,720,1173,594,621,346,502,12058,10507,7866,6994,4625,3944,3645,2861,2752,2046,2033,1007,1437,797,764,384,510,23888,21002,15049,12874,9713,8619,8235,5967,5517,3810,3477,1727,2610,1391,1385,730,1012
GHANA,GH,NORTHERN,GH11,SAWLA-TUNA-KALBA,GH1106,55559,52107,107666,8509,8864,6784,5147,2915,2863,3470,3339,3240,2449,2151,1624,1689,1104,651,382,378,8675,9573,7769,5949,2821,2193,2007,1971,1924,1801,1834,1387,1561,1051,720,436,435,17184,18437,14553,11096,5736,5056,5477,5310,5164,4250,3985,3011,3250,2155,1371,818,813
GHANA,GH,NORTHERN,GH09,EAST MAMPRUSI,GH0903,71798,70387,142185,12446,12330,8310,6823,5301,5006,4485,3774,3070,2432,2003,1299,1491,1073,941,462,552,12660,12478,8910,7551,4977,4173,3770,3216,2544,2240,1967,1302,1468,1055,940,579,557,25106,24808,17220,14374,10278,9179,8255,6990,5614,4672,3970,2601,2959,2128,1881,1041,1109
GHANA,GH,NORTHERN,GH08,GUSHIEGU,GH0801,71350,69244,140594,13994,12210,6705,6026,6019,5700,5301,3845,3165,2051,1729,932,1390,752,617,388,526,13279,12107,7377,6464,4877,4376,4187,3682,3088,2274,2079,1247,1478,894,758,497,580,27273,24317,14082,12490,10896,10076,9488,7527,6253,4325,3808,2179,2868,1646,1375,885,1106
GHANA,GH,NORTHERN,GH11,BOLE,GH1101,32597,33804,66401,5068,4929,3703,3107,2418,2421,2372,1990,1566,1213,933,689,704,548,421,251,264,5331,5086,4003,3309,2508,2355,2111,1974,1604,1294,1121,858,746,546,475,253,230,10399,10015,7706,6416,4926,4776,4483,3964,3170,2507,2054,1547,1450,1094,896,504,494
GHANA,GH,NORTHERN,GH08,KARAGA,GH0802,50540,47655,98195,9851,8451,4677,4149,4428,3895,3758,2642,2462,1403,1368,701,1131,581,481,253,309,9273,8354,5131,4565,3280,2839,2751,2202,2116,1571,1518,797,1148,713,643,340,414,19124,16805,9808,8714,7708,6734,6509,4844,4578,2974,2886,1498,2279,1294,1124,593,723
GHANA,GH,NORTHERN,GH08,KPANDAI,GH0803,222643,231228,453871,40124,36496,26692,20835,16872,14908,14977,12017,10614,7002,6355,3831,4563,2484,2257,1135,1481,40811,37987,31101,24774,16216,13729,12524,11138,9735,8008,7189,4856,4934,2804,2454,1331,1637,80935,74483,57793,45609,33088,28637,27501,23155,20349,15010,13544,8687,9497,5288,4711,2466,3118
GHANA,GH,NORTHERN,GH09,CHEREPONI,GH0902,29084,28445,57529,5634,5036,3388,2471,2026,1954,1911,1630,1280,909,717,470,602,392,287,150,227,5623,5317,3673,2794,1736,1449,1397,1391,1127,991,809,582,483,371,308,161,233,11257,10353,7061,5265,3762,3403,3308,3021,2407,1900,1526,1052,1085,763,595,311,460
GHANA,GH,NORTHERN,GH08,SABOBA,GH0809,35693,35108,70801,6569,6202,4655,3434,2607,2492,2395,1835,1422,919,783,595,592,442,297,259,195,6492,6170,4942,3780,2453,1989,1870,1616,1393,1049,924,735,564,430,305,194,202,13061,12372,9597,7214,5060,4481,4265,3451,2815,1968,1707,1330,1156,872,602,453,397
GHANA,GH,NORTHERN,GH10,EAST GONJA,,52436,56705,109141,8165,8394,6247,5171,4234,3856,3811,3050,2324,1875,1522,900,1032,652,556,326,321,8737,8815,7097,6310,4336,3775,3357,2840,2516,2321,1897,1171,1273,789,671,365,435,16902,17209,13344,11481,8570,7631,7168,5890,4840,4196,3419,2071,2305,1441,1227,691,756
GHANA,GH,NORTHERN,GH08,ZABZUGU,GH0816,42102,41384,83486,7520,6760,4506,3977,3667,3220,3282,2399,1943,1252,992,487,831,409,383,169,305,7810,6905,5071,4335,3020,2465,2394,2018,1780,1349,1275,613,864,497,414,272,302,15330,13665,9577,8312,6687,5685,5676,4417,3723,2601,2267,1100,1695,906,797,441,607
GHANA,GH,NORTHERN,GH09,WEST MAMPRUSI,GH0905,96857,95197,192054,17223,15506,10431,9029,7276,6659,5990,5236,4433,3572,3061,1826,2426,1696,1210,637,646,16897,16268,11258,9945,6820,6025,5107,4768,3605,3294,2797,2018,2227,1600,1156,715,697,34120,31774,21689,18974,14096,12684,11097,10004,8038,6866,5858,3844,4653,3296,2366,1352,1343
GHANA,GH,NORTHERN,GH08,KUMBUNGU,GH0804,9742,9903,19645,1823,1544,868,790,781,722,657,528,489,311,320,165,277,158,138,75,96,1746,1630,1129,995,742,627,568,477,410,351,295,155,267,140,163,93,115,3569,3174,1997,1785,1523,1349,1225,1005,899,662,615,320,544,298,301,168,211
GHANA,GH,NORTHERN,GH09,MAMPRUGU MOAGDURI,GH0904,18520,18842,37362,3140,3089,1982,1687,1370,1396,1230,947,862,741,571,325,455,289,203,107,126,3178,3314,2248,1839,1294,1162,1095,881,741,751,634,400,451,349,235,117,153,6318,6403,4230,3526,2664,2558,2325,1828,1603,1492,1205,725,906,638,438,224,279
GHANA,GH,NORTHERN,GH08,MION,GH0805,52208,52633,104841,9878,8690,5341,4471,4049,3966,3935,2672,2621,1590,1468,702,1101,545,536,266,377,10116,8610,5877,5215,3515,3078,2991,2540,2348,1762,1804,1059,1363,733,766,362,494,19994,17300,11218,9686,7564,7044,6926,5212,4969,3352,3272,1761,2464,1278,1302,628,871
GHANA,GH,NORTHERN,GH11,NORTH GONJA,GH1105,20003,20046,40049,3617,3388,2400,2012,1623,1398,1249,1118,800,641,494,285,339,204,200,97,138,3695,3383,2577,2260,1502,1112,950,913,801,690,634,358,399,280,239,113,140,7312,6771,4977,4272,3125,2510,2199,2031,1601,1331,1128,643,738,484,439,210,278
GHANA,GH,NORTHERN,GH08,SAGNARIGU,GH0810,77519,81419,158938,11143,9675,8150,8037,7363,6847,5919,4757,3963,2929,2398,1591,1679,1126,912,489,541,11407,10025,8448,8824,7913,6968,6054,4786,3866,3279,2808,2038,1812,1252,894,536,509,22550,19700,16598,16861,15276,13815,11973,9543,7829,6208,5206,3629,3491,2378,1806,1025,1050
GHANA,GH,NORTHERN,GH08,TATALE SANGULI,GH0813,39264,39280,78544,6552,6202,4858,4072,3143,2645,2934,1943,1933,1231,991,642,692,493,386,248,299,6516,6469,5235,4632,3227,2395,2070,1630,1589,1296,1162,774,784,557,400,230,314,13068,12671,10093,8704,6370,5040,5004,3573,3522,2527,2153,1416,1476,1050,786,478,613
GHANA,GH,NORTHERN,GH11,WEST GONJA,GH1107,18206,18701,36907,2669,2662,2278,2033,1459,1190,1173,1044,924,663,566,398,414,317,181,138,97,2737,2725,2502,2104,1535,1171,972,961,845,771,692,493,430,326,203,121,113,5406,5387,4780,4137,2994,2361,2145,2005,1769,1434,1258,891,844,643,384,259,210
GHANA,GH,NORTHERN,GH08,TOLON,GH0814,35947,36317,72264,6519,5428,3296,3023,3054,2652,2521,1983,1843,1253,1101,586,954,598,489,283,364,6486,5649,3936,3639,3037,2511,1942,1696,1468,1203,1228,660,972,589,607,314,380,13005,11077,7232,6662,6091,5163,4463,3679,3311,2456,2329,1246,1926,1187,1096,597,744
GHANA,GH,UPPER EAST,GH12,BOLGATANGA MUNICIPAL,,63092,58633,121725,7662,7241,7087,6684,5768,4587,4177,3654,3368,2915,2544,1958,1732,1376,1101,837,401,7858,7333,6984,6419,5463,4405,3998,3552,2709,2337,2032,1691,1250,1010,697,519,376,15520,14574,14071,13103,11231,8992,8175,7206,6077,5252,4576,3649,2982,2386,1798,1356,777
GHANA,GH,UPPER EAST,GH12,BAWKU MUNICIPAL,GH1201,49203,46065,95268,6411,6570,5559,4953,3722,3253,3221,3020,2621,2250,1811,1273,1337,1046,953,704,499,6476,6769,6002,5059,3512,2870,2619,2573,2048,1881,1575,1235,996,801,661,531,457,12887,13339,11561,10012,7234,6123,5840,5593,4669,4131,3386,2508,2333,1847,1614,1235,956
GHANA,GH,UPPER EAST,GH12,KASENA NANKANA EAST,GH1210,57553,55613,113166,7690,7348,6503,5678,4471,3516,3408,3073,3074,2648,2387,1770,1835,1419,1238,1029,466,7843,7399,6724,6123,5659,3783,3151,2767,2152,2129,1948,1607,1383,1094,800,664,387,15533,14747,13227,11801,10130,7299,6559,5840,5226,4777,4335,3377,3218,2513,2038,1693,853
GHANA,GH,UPPER EAST,GH12,BAWKU WEST,GH1202,48602,45086,93688,6834,7484,5843,4441,2944,2734,2748,2924,2435,2184,1801,1368,1501,1195,992,672,502,7070,7691,6677,4910,2914,2292,2046,1981,1490,1600,1517,1096,1049,861,777,618,497,13904,15175,12520,9351,5858,5026,4794,4905,3925,3784,3318,2464,2550,2056,1769,1290,999
GHANA,GH,UPPER EAST,GH12,BONGO,GH1206,41319,37456,78775,5219,5816,5175,4157,2657,2289,2183,2248,2239,2003,1765,1412,1418,1013,796,583,346,5750,5738,5223,4164,2461,1991,1724,1601,1342,1392,1355,1058,1017,870,708,600,462,10969,11554,10398,8321,5118,4280,3907,3849,3581,3395,3120,2470,2435,1883,1504,1183,808
GHANA,GH,UPPER EAST,GH12,GARU TEMPANE,GH1209,65729,59956,125685,9223,10322,7995,5978,3371,3264,3741,3591,3516,2962,2758,1832,2376,1737,1362,842,859,9658,10842,9006,6833,3490,2527,2262,2212,2014,1944,1970,1394,1560,1225,1164,868,987,18881,21164,17001,12811,6861,5791,6003,5803,5530,4906,4728,3226,3936,2962,2526,1710,1846
GHANA,GH,UPPER EAST,GH12,KASENA NANKANA WEST,GH1211,36748,35989,72737,4424,4549,4092,3858,2771,2262,2247,1987,1905,1750,1573,1238,1223,943,937,674,315,4450,4939,4597,4046,3066,2472,2169,1785,1523,1377,1270,968,937,802,713,540,335,8874,9488,8689,7904,5837,4734,4416,3772,3428,3127,2843,2206,2160,1745,1650,1214,650
GHANA,GH,UPPER EAST,GH12,BUILSA SOUTH,GH1208,19231,19095,38326,2528,2690,2118,1956,1237,1167,1149,1153,1094,836,790,616,697,490,330,213,167,2886,2682,2337,2049,1300,1192,1093,1023,886,708,704,565,542,384,326,221,197,5414,5372,4455,4005,2537,2359,2242,2176,1980,1544,1494,1181,1239,874,656,434,364
GHANA,GH,UPPER EAST,GH12,NABDAM,GH1212,15614,15691,31305,2095,2276,1952,1438,1050,852,846,857,813,761,628,509,547,401,283,155,151,2216,2192,2030,1653,1080,946,817,801,728,698,624,471,406,343,284,205,197,4311,4468,3982,3091,2130,1798,1663,1658,1541,1459,1252,980,953,744,567,360,348
GHANA,GH,UPPER EAST,GH12,BINDURI,GH1203,30872,28662,59534,4159,4528,3730,2763,1731,1600,1713,1782,1575,1505,1268,918,1103,950,717,466,364,4252,4906,4105,3250,1853,1343,1217,1172,1018,965,994,736,749,660,576,448,418,8411,9434,7835,6013,3584,2943,2930,2954,2593,2470,2262,1654,1852,1610,1293,914,782
GHANA,GH,UPPER EAST,GH12,PUSIGA,GH1213,29047,26717,55764,4221,4451,3524,2586,1864,1721,1831,1754,1434,1244,989,641,845,726,585,339,292,4358,4562,3841,2955,1736,1302,1230,1223,1082,964,833,532,569,495,424,331,280,8579,9013,7365,5541,3600,3023,3061,2977,2516,2208,1822,1173,1414,1221,1009,670,572
GHANA,GH,UPPER EAST,GH12,TALENSI,GH1214,37182,37956,75138,4951,5282,4409,3415,2369,2033,2140,1946,2001,1778,1683,1215,1387,1006,731,455,381,5470,5331,4806,4050,2603,2190,2125,1982,1797,1606,1442,1101,1024,867,694,388,480,10421,10613,9215,7465,4972,4223,4265,3928,3798,3384,3125,2316,2411,1873,1425,843,861
GHANA,GH,UPPER EAST,GH12,BUILSA NORTH,GH1207,29879,29396,59275,3812,3867,3437,3003,2092,1781,1836,1765,1555,1355,1124,930,931,755,825,549,262,3993,4274,3556,3283,2233,1733,1734,1639,1367,1160,1081,877,723,553,487,440,263,7805,8141,6993,6286,4325,3514,3570,3404,2922,2515,2205,1807,1654,1308,1312,989,525
GHANA,GH,UPPER WEST,GH13,WA MUNICIPAL,GH1310,204384,204884,409268,25326,24645,21788,22970,25250,16487,13882,11947,9518,7871,6117,4497,4537,3506,2553,1798,1692,25409,24250,20421,22063,30210,18117,13633,11596,8690,7235,6071,5139,4141,3191,1907,1285,1526,50735,48895,42209,45033,55460,34604,27515,23543,18208,15106,12188,9636,8678,6697,4460,3083,3218
GHANA,GH,UPPER WEST,GH13,WA EAST,GH1309,14835,15305,30140,2469,2455,1740,1241,906,965,978,855,751,625,485,305,435,216,162,141,106,2572,2581,2010,1578,919,851,821,818,653,561,487,339,377,258,191,145,144,5041,5036,3750,2819,1825,1816,1799,1673,1404,1186,972,644,812,474,353,286,250
GHANA,GH,UPPER WEST,GH13,WA WEST,GH1311,50853,49844,100697,6974,7843,6694,4757,2821,2591,3121,3117,2907,2315,1867,1438,1677,1082,698,436,515,6965,8590,7925,6163,3164,2287,2117,1942,1802,1736,1733,1207,1429,970,772,475,567,13939,16433,14619,10920,5985,4878,5238,5059,4709,4051,3600,2645,3106,2052,1470,911,1082
GHANA,GH,UPPER WEST,GH13,SISSALA EAST,GH1307,30396,29298,59694,4292,4427,3420,3135,2356,2181,2391,1848,1581,1060,987,582,772,499,350,277,238,4375,4611,3529,3233,2256,1985,1807,1682,1329,963,891,659,632,484,321,270,271,8667,9038,6949,6368,4612,4166,4198,3530,2910,2023,1878,1241,1404,983,671,547,509
GHANA,GH,UPPER WEST,GH13,SISSALA WEST,GH1308,26723,25621,52344,4001,4150,3220,2537,1825,1646,1706,1503,1342,1027,967,612,741,474,418,322,232,4120,4313,3577,2922,1874,1435,1377,1200,955,757,736,587,595,374,313,255,231,8121,8463,6797,5459,3699,3081,3083,2703,2297,1784,1703,1199,1336,848,731,577,463
GHANA,GH,UPPER WEST,GH13,LAMBUSSIE KARNI,GH1303,32366,30484,62850,4371,4528,3595,3117,2121,1906,2006,1792,1826,1456,1288,1006,1199,689,634,496,336,4801,4905,4292,3411,1986,1685,1556,1369,1138,1004,1030,878,712,532,485,400,300,9172,9433,7887,6528,4107,3591,3562,3161,2964,2460,2318,1884,1911,1221,1119,896,636
GHANA,GH,UPPER WEST,GH13,JIRAPA,GH1302,56786,50772,107558,7602,7703,6810,5199,3618,3153,3665,3219,3112,2475,2431,1872,1879,1438,1175,880,555,7479,8086,7502,5523,3280,2695,2723,2193,2107,1802,1668,1290,1416,1012,854,606,536,15081,15789,14312,10722,6898,5848,6388,5412,5219,4277,4099,3162,3295,2450,2029,1486,1091
GHANA,GH,UPPER WEST,GH13,DAFFIAMA-BUSSIE-ISSA,GH1301,11616,11112,22728,1613,1683,1333,1155,745,684,707,634,602,507,467,323,407,286,194,133,143,1747,1658,1420,1297,791,650,606,544,442,364,400,266,296,231,147,119,134,3360,3341,2753,2452,1536,1334,1313,1178,1044,871,867,589,703,517,341,252,277
GHANA,GH,UPPER WEST,GH13,NADOWLI,GH1305,52159,46035,98194,6211,6863,6286,5605,3150,2756,2946,2672,2884,2461,2326,1849,2039,1352,1137,938,684,6227,6591,6778,5598,3574,2602,2371,1939,1640,1573,1582,1299,1436,1003,726,567,529,12438,13454,13064,11203,6724,5358,5317,4611,4524,4034,3908,3148,3475,2355,1863,1505,1213
GHANA,GH,UPPER WEST,GH13,NANDOM,GH1306,23234,22145,45379,2766,2773,2468,2119,1698,1426,1404,1248,1219,1207,1080,911,861,776,483,568,227,2941,2845,2675,2333,1611,1314,1411,1193,1042,997,845,823,605,611,326,362,211,5707,5618,5143,4452,3309,2740,2815,2441,2261,2204,1925,1734,1466,1387,809,930,438
GHANA,GH,UPPER WEST,GH13,LAWRA,GH1304,27996,26107,54103,3440,3708,3316,2662,1714,1542,1775,1640,1516,1342,1180,983,1076,669,598,542,293,3571,3843,3820,2790,1728,1360,1402,1247,1135,1055,991,779,743,564,440,386,253,7011,7551,7136,5452,3442,2902,3177,2887,2651,2397,2171,1762,1819,1233,1038,928,546
GHANA,GH,VOLTA,GH14,KETA MUNICIPALITY,,74239,65521,139760,8713,7773,6806,6822,5234,4260,4258,4176,4238,4234,3778,3548,2918,2571,1876,1554,1480,8524,7980,7368,7468,5542,3893,3581,3379,3012,3097,2984,2440,1967,1724,1045,870,647,17237,15753,14174,14290,10776,8153,7839,7555,7250,7331,6762,5988,4885,4295,2921,2424,2127
GHANA,GH,VOLTA,GH14,HOHOE MUNICIPALITY,GH1410,122667,114951,237618,15370,13309,12890,11365,9298,8227,7745,7796,6784,6726,5676,5485,3793,3131,2179,1669,1224,15456,13242,12612,11287,8908,7651,7208,7098,6339,5650,5145,4344,3402,2679,1859,1285,786,30826,26551,25502,22652,18206,15878,14953,14894,13123,12376,10821,9829,7195,5810,4038,2954,2010
GHANA,GH,VOLTA,GH14,KPANDO MUNICIPALITY,GH1414,29169,27589,56758,3458,3193,3211,2858,2122,1856,1934,1737,1696,1591,1434,1226,929,771,533,340,280,3516,3288,3241,2844,2204,1954,1714,1626,1407,1315,1251,995,790,564,399,293,188,6974,6481,6452,5702,4326,3810,3648,3363,3103,2906,2685,2221,1719,1335,932,633,468
GHANA,GH,VOLTA,GH14,HO MUNICIPALITY,GH1408,111230,102051,213281,11612,10114,10820,10745,10154,8659,7776,7274,6537,6365,5470,5055,3464,2822,1969,1351,1043,11750,9878,10061,10114,10491,8405,7225,6678,5135,5063,4794,3999,2949,2367,1435,1023,684,23362,19992,20881,20859,20645,17064,15001,13952,11672,11428,10264,9054,6413,5189,3404,2374,1727
GHANA,GH,VOLTA,GH10,KADJEBI,GH1003,28325,29532,57857,3921,3767,3148,2586,1976,1797,1784,1732,1460,1555,1171,1025,833,533,482,296,259,4085,3687,3416,2975,2044,1684,1735,1749,1526,1507,1356,1115,900,644,548,324,237,8006,7454,6564,5561,4020,3481,3519,3481,2986,3062,2527,2140,1733,1177,1030,620,496
GHANA,GH,VOLTA,GH14,SOUTH TONGU,GH1418,54499,46360,100859,7757,6421,5988,5145,3877,3263,3250,2983,2838,2497,2189,1864,1918,1287,1282,919,1021,7332,6386,5765,4916,3553,3019,2674,2518,1930,1764,1628,1255,1125,853,738,443,461,15089,12807,11753,10061,7430,6282,5924,5501,4768,4261,3817,3119,3043,2140,2020,1362,1482
GHANA,GH,VOLTA,GH14,SOUTH DAYI,GH1417,25701,23578,49279,3402,3156,2858,2338,1838,1513,1531,1491,1308,1307,1135,1044,767,711,530,407,365,3433,3096,2846,2567,1759,1464,1251,1311,1087,1045,902,745,648,556,382,280,206,6835,6252,5704,4905,3597,2977,2782,2802,2395,2352,2037,1789,1415,1267,912,687,571
GHANA,GH,VOLTA,GH10,KRACHI EAST,GH1004,69629,76821,146450,12153,10534,8210,6257,5447,4888,4701,4141,3362,2939,2192,1423,1231,783,571,412,385,12705,11362,9488,7831,5903,4934,4688,4126,3569,3233,2545,2026,1503,1154,763,482,509,24858,21896,17698,14088,11350,9822,9389,8267,6931,6172,4737,3449,2734,1937,1334,894,894
GHANA,GH,VOLTA,GH14,KETU NORTH,GH1412,49919,44220,94139,6417,5596,4848,4477,3433,3165,2941,2971,2846,2787,2509,1892,1726,1455,1186,771,899,6393,5755,5289,4914,3647,2710,2355,2311,1902,2033,1872,1338,1146,952,678,446,479,12810,11351,10137,9391,7080,5875,5296,5282,4748,4820,4381,3230,2872,2407,1864,1217,1378
GHANA,GH,VOLTA,GH10,NKWANTA NORTH,GH1007,32738,33592,66330,5940,5295,3770,3051,2635,2472,2283,1688,1581,941,896,482,649,361,292,178,224,6138,5374,4222,3503,2473,2133,2084,1624,1453,1065,1025,594,754,400,315,172,263,12078,10669,7992,6554,5108,4605,4367,3312,3034,2006,1921,1076,1403,761,607,350,487
GHANA,GH,VOLTA,GH10,BIAKOYE,GH1001,31336,32088,63424,4524,3972,3524,2837,2136,1983,1943,1808,1712,1607,1406,1131,889,735,499,354,276,4548,4194,4065,3311,2251,1853,1791,1868,1617,1611,1446,1046,894,642,460,300,191,9072,8166,7589,6148,4387,3836,3734,3676,3329,3218,2852,2177,1783,1377,959,654,467
GHANA,GH,VOLTA,GH10,NKWANTA SOUTH,GH1008,60437,60688,121125,10352,9045,7260,5244,4471,4303,4175,3438,3040,2407,1981,1279,1146,820,622,469,385,10218,9207,7578,5905,4261,3719,3718,3334,2879,2495,2265,1649,1196,887,571,392,414,20570,18252,14838,11149,8732,8022,7893,6772,5919,4902,4246,2928,2342,1707,1193,861,799
GHANA,GH,VOLTA,GH14,KETU SOUTH,GH1413,79454,72007,151461,11264,9037,7612,6994,6372,5908,5602,4926,4429,4032,3255,2622,2242,1973,1277,958,951,11129,9310,7769,7294,5755,5188,4775,4090,3558,3161,2698,2140,1701,1422,876,606,535,22393,18347,15381,14288,12127,11096,10377,9016,7987,7193,5953,4762,3943,3395,2153,1564,1486
GHANA,GH,VOLTA,GH10,JASIKAN,GH1002,28604,28355,56959,4063,3318,2968,2418,2005,1947,1778,1727,1585,1474,1302,1108,892,775,521,404,319,3960,3520,3131,2818,1990,1724,1732,1719,1490,1455,1245,1101,812,664,458,331,205,8023,6838,6099,5236,3995,3671,3510,3446,3075,2929,2547,2209,1704,1439,979,735,524
GHANA,GH,VOLTA,GH14,NORTH DAYI,GH1415,22287,19865,42152,2650,2371,2264,1902,1283,1088,1214,1369,1288,1227,1188,1136,933,826,697,469,382,2687,2477,2424,1980,1193,993,1011,1071,978,926,904,848,732,645,471,278,247,5337,4848,4688,3882,2476,2081,2225,2440,2266,2153,2092,1984,1665,1471,1168,747,629
GHANA,GH,VOLTA,GH14,CENTRAL TONGU,GH1407,30699,27436,58135,4066,3537,3553,3014,2268,1917,1826,1732,1605,1469,1388,1032,884,740,697,501,470,4055,3542,3387,3238,2376,1781,1506,1434,1154,1074,964,740,714,559,378,266,268,8121,7079,6940,6252,4644,3698,3332,3166,2759,2543,2352,1772,1598,1299,1075,767,738
GHANA,GH,VOLTA,GH10,KRACHI WEST,GH1006,29857,32106,61963,5041,4133,3394,2710,2318,2071,2015,1647,1619,1276,1073,654,665,371,374,235,261,5118,4592,4164,3278,2535,1931,1927,1740,1516,1401,1168,830,705,389,356,211,245,10159,8725,7558,5988,4853,4002,3942,3387,3135,2677,2241,1484,1370,760,730,446,506
GHANA,GH,VOLTA,GH14,AFADZATO SOUTH,GH1402,68934,66295,135229,9419,8239,7125,5952,4536,3765,4019,3947,3962,3970,3374,3159,2346,1887,1416,1089,729,9345,8309,8074,6892,4519,3901,3299,3295,3150,3459,3102,2431,2002,1887,1247,802,581,18764,16548,15199,12844,9055,7666,7318,7242,7112,7429,6476,5590,4348,3774,2663,1891,1310
GHANA,GH,VOLTA,GH14,AGOTIME ZIOPE,GH1403,17331,16376,33707,2358,2021,1794,1538,1330,1138,1038,1146,914,892,803,603,560,406,353,225,212,2295,1984,1941,1727,1437,1223,979,889,763,636,623,555,386,331,294,179,134,4653,4005,3735,3265,2767,2361,2017,2035,1677,1528,1426,1158,946,737,647,404,346
GHANA,GH,VOLTA,GH14,NORTH TONGU,GH1416,45818,42024,87842,5672,5585,5423,4880,3630,3045,2961,2720,2460,2041,1758,1445,1273,864,842,624,595,5585,5459,5183,4962,3778,2893,2444,2266,1822,1707,1544,1270,988,784,529,444,366,11257,11044,10606,9842,7408,5938,5405,4986,4282,3748,3302,2715,2261,1648,1371,1068,961
GHANA,GH,VOLTA,GH14,AKATSI NORTH,GH1404,18563,15986,34549,2275,2141,1924,1731,1268,1059,1038,980,1020,992,945,708,722,555,505,353,347,2239,2220,2082,1791,1230,986,785,772,684,649,619,464,466,380,280,177,162,4514,4361,4006,3522,2498,2045,1823,1752,1704,1641,1564,1172,1188,935,785,530,509
GHANA,GH,VOLTA,GH14,HO WEST,GH1409,58806,55012,113818,7313,6616,5841,4634,3758,3314,3488,3452,3397,3560,3068,2884,2324,1902,1485,962,808,7327,6698,6438,5297,3651,3162,2973,2923,2840,2785,2773,2252,1862,1475,1157,864,535,14640,13314,12279,9931,7409,6476,6461,6375,6237,6345,5841,5136,4186,3377,2642,1826,1343
GHANA,GH,VOLTA,GH10,KRACHI NCHUMURU,GH1005,44770,46369,91139,7540,6632,5458,4103,3443,3010,3066,2474,2233,1656,1401,928,922,683,506,343,372,7787,6951,6031,4858,3563,2815,2625,2362,2150,1779,1556,1140,914,704,483,325,326,15327,13583,11489,8961,7006,5825,5691,4836,4383,3435,2957,2068,1836,1387,989,668,698
GHANA,GH,VOLTA,GH14,ADAKLU,GH1401,22139,21644,43783,2670,2774,2470,2265,1964,1640,1425,1388,1089,1104,908,680,618,404,339,177,224,2549,2586,2610,2342,2116,1654,1431,1207,1061,971,860,649,502,425,279,211,191,5219,5360,5080,4607,4080,3294,2856,2595,2150,2075,1768,1329,1120,829,618,388,415
GHANA,GH,VOLTA,GH14,AKATSI SOUTH,GH1405,61172,53327,114499,7614,7023,6389,5830,4389,3654,3740,3695,3524,3227,2837,2108,1861,1623,1576,1097,985,7568,6989,6633,5844,4186,3126,3007,2794,2294,2403,2146,1891,1304,1062,936,605,539,15182,14012,13022,11674,8575,6780,6747,6489,5818,5630,4983,3999,3165,2685,2512,1702,1524
GHANA,GH,WESTERN,GH15,SEKONDI-TAKORADI METROPOLITAN,,407011,399105,806116,45288,40999,43604,42180,41022,32829,30400,28513,23987,19974,16502,14016,9616,8231,4203,2984,2663,46896,40622,39552,39186,44547,35089,30010,26814,22271,19218,15715,14230,9323,7584,3845,2473,1730,92184,81621,83156,81366,85569,67918,60410,55327,46258,39192,32217,28246,18939,15815,8048,5457,4393
GHANA,GH,WESTERN,GH15,TARKWA NSUAEM MUNICIPALITY,GH1510,39811,43615,83426,5829,5180,4534,3899,3704,3330,2816,2638,2117,1778,1278,871,653,438,370,192,184,6250,4965,4459,4088,4125,3688,3330,3063,2567,2192,1711,1165,761,562,327,185,177,12079,10145,8993,7987,7829,7018,6146,5701,4684,3970,2989,2036,1414,1000,697,377,361
GHANA,GH,WESTERN,GH15,NZEMA EAST,GH1506,27352,27024,54376,3902,3745,3129,2712,2228,1939,1811,1691,1509,1234,1026,661,621,428,327,199,190,4016,3725,3405,2851,2119,1944,1722,1647,1358,1236,961,678,548,314,247,141,112,7918,7470,6534,5563,4347,3883,3533,3338,2867,2470,1987,1339,1169,742,574,340,302
GHANA,GH,WESTERN NORTH,GH16,SEFWI WIAWSO,GH1608,85662,88245,173907,12079,12024,10829,8823,7438,6296,5777,5396,4231,3509,2791,1985,1420,1133,885,518,528,12303,12017,11143,9255,6822,6040,5736,5644,4588,3745,3305,2685,1771,1248,917,585,441,24382,24041,21972,18078,14260,12336,11513,11040,8819,7254,6096,4670,3191,2381,1802,1103,969
GHANA,GH,WESTERN NORTH,GH16,SEFWI BIBIANI-AHWIASO-BEKWAI,GH1604,62737,62748,125485,8678,8306,7721,6640,5473,4667,4077,3798,3053,2644,2210,1465,1245,907,819,432,602,8678,8313,7593,6844,5299,4400,4155,3754,3206,2826,2183,1734,1353,868,709,416,417,17356,16619,15314,13484,10772,9067,8232,7552,6259,5470,4393,3199,2598,1775,1528,848,1019
GHANA,GH,WESTERN,GH15,JOMORO,GH1504,86245,84836,171081,12113,11281,9786,8778,6986,6428,5907,5667,4550,3789,3122,2019,1790,1358,1262,689,720,12610,11481,10060,8661,6993,6304,5748,5376,4081,3677,2906,2225,1581,1316,883,542,392,24723,22762,19846,17439,13979,12732,11655,11043,8631,7466,6028,4244,3371,2674,2145,1231,1112
GHANA,GH,WESTERN,GH15,AHANTA WEST,GH1501,52286,49292,101578,7637,7013,6049,4837,4210,3812,3239,3232,2718,2304,1985,1454,1258,988,665,448,437,7694,6979,5956,5066,3760,3323,3075,2971,2298,2139,1724,1440,1080,788,492,276,231,15331,13992,12005,9903,7970,7135,6314,6203,5016,4443,3709,2894,2338,1776,1157,724,668
GHANA,GH,WESTERN,GH15,AMENFI WEST,GH1513,39716,43070,82786,6047,5540,5031,3917,3468,2966,2784,2483,1904,1621,1302,876,637,481,300,165,194,6334,5641,5086,4347,3450,3137,2807,2783,2324,1939,1615,1348,874,553,392,226,214,12381,11181,10117,8264,6918,6103,5591,5266,4228,3560,2917,2224,1511,1034,692,391,408
GHANA,GH,WESTERN,GH15,PRESTEA/HUNI VALLEY,GH1507,71703,75165,146868,11088,9697,8489,6734,6162,5576,4781,4558,3672,3186,2511,1725,1240,897,642,344,401,10985,9900,8601,7017,5907,5729,5169,5015,4111,3590,2905,2309,1515,1019,692,367,334,22073,19597,17090,13751,12069,11305,9950,9573,7783,6776,5416,4034,2755,1916,1334,711,735
GHANA,GH,WESTERN,GH15,SHAMA,GH1509,61910,56351,118261,8361,8019,7385,6334,4795,4050,3813,3712,3374,2982,2540,1819,1510,1296,758,592,570,8535,7892,7570,6017,4448,3453,3207,3034,2620,2298,2168,1689,1202,1043,531,354,290,16896,15911,14955,12351,9243,7503,7020,6746,5994,5280,4708,3508,2712,2339,1289,946,860
GHANA,GH,WESTERN NORTH,GH16,SEFWI AKONTOMBRA,GH1607,47830,55200,103030,7953,7074,5829,4201,3989,3697,3472,3261,2343,1952,1431,785,692,444,354,159,194,8294,7388,6465,5028,4073,4048,3835,3748,3078,2702,2226,1589,1067,702,460,279,218,16247,14462,12294,9229,8062,7745,7307,7009,5421,4654,3657,2374,1759,1146,814,438,412
GHANA,GH,WESTERN,GH15,ELLEMBELLE,GH1503,39995,38219,78214,5317,5125,4712,4170,3405,2903,2489,2501,2015,1666,1542,1085,908,783,626,366,382,5346,5159,4681,4335,3285,2729,2470,2275,1852,1572,1320,942,769,574,432,247,231,10663,10284,9393,8505,6690,5632,4959,4776,3867,3238,2862,2027,1677,1357,1058,613,613
GHANA,GH,WESTERN,GH15,WASSA AMENFI CENTRAL,GH1511,29415,32586,62001,4563,4168,3775,2748,2263,2202,1981,1769,1526,1265,1021,740,472,362,236,155,169,4831,4561,3970,3276,2487,2179,2050,1930,1643,1529,1245,986,763,485,274,228,149,9394,8729,7745,6024,4750,4381,4031,3699,3169,2794,2266,1726,1235,847,510,383,318
GHANA,GH,WESTERN,GH15,WASSA AMENFI EAST,GH1512,36031,38961,74992,5660,5009,4386,3453,2954,2574,2333,2158,1764,1527,1298,931,708,497,366,212,201,5741,5260,4817,3693,3038,2807,2574,2398,1897,1676,1533,1156,887,613,428,253,190,11401,10269,9203,7146,5992,5381,4907,4556,3661,3203,2831,2087,1595,1110,794,465,391
GHANA,GH,WESTERN NORTH,GH16,BIA WEST,GH1603,34379,37431,71810,5482,5034,3990,3378,3256,2902,2383,2176,1649,1349,981,623,424,287,201,124,140,5611,5042,4178,3363,3057,3124,2639,2441,2020,1757,1426,989,644,451,315,181,193,11093,10076,8168,6741,6313,6026,5022,4617,3669,3106,2407,1612,1068,738,516,305,333
GHANA,GH,WESTERN NORTH,GH16,BIA EAST,GH1602,10368,11760,22128,1716,1494,1176,941,971,891,732,627,497,432,312,181,126,116,63,39,54,1875,1560,1341,1059,925,1001,798,762,591,507,406,300,259,162,97,50,67,3591,3054,2517,2000,1896,1892,1530,1389,1088,939,718,481,385,278,160,89,121
GHANA,GH,WESTERN NORTH,GH16,SUAMAN,GH1609,9651,10719,20370,1402,1359,1238,1055,914,873,679,567,443,374,249,168,86,92,67,36,49,1490,1318,1237,1163,1017,874,830,691,525,465,380,252,163,150,68,50,46,2892,2677,2475,2218,1931,1747,1509,1258,968,839,629,420,249,242,135,86,95
GHANA,GH,WESTERN NORTH,GH16,AOWIN,GH1601,55368,61642,117010,8544,7958,6536,5039,4790,4471,3907,3788,2961,2304,1734,1136,778,536,375,255,256,8829,8055,6871,5699,4852,4619,4454,4170,3488,3019,2507,1798,1263,893,480,346,299,17373,16013,13407,10738,9642,9090,8361,7958,6449,5323,4241,2934,2041,1429,855,601,555
GHANA,GH,WESTERN,GH15,WASSA EAST,GH1514,34637,36088,70725,5468,4897,3957,3029,2463,2373,2216,2306,1815,1592,1464,990,800,489,393,183,202,5543,5070,4599,3423,2346,2306,2285,2166,1862,1606,1457,1173,850,573,450,211,168,11011,9967,8556,6452,4809,4679,4501,4472,3677,3198,2921,2163,1650,1062,843,394,370
GHANA,GH,WESTERN,GH15,MPOHOR,GH1505,18490,18962,37452,2788,2379,2041,1668,1446,1254,1163,1185,1105,877,808,573,416,325,209,109,144,2756,2451,2187,1753,1462,1306,1185,1231,1032,964,824,634,452,346,185,107,87,5544,4830,4228,3421,2908,2560,2348,2416,2137,1841,1632,1207,868,671,394,216,231
GHANA,GH,WESTERN NORTH,GH16,JUABESO,GH1606,22805,24381,47186,3616,3265,2702,2241,2083,1999,1583,1476,1027,857,674,418,290,202,171,84,117,3758,3280,2636,2190,2025,2007,1832,1639,1206,1127,879,637,440,319,204,91,111,7374,6545,5338,4431,4108,4006,3415,3115,2233,1984,1553,1055,730,521,375,175,228
GHANA,GH,WESTERN NORTH,GH16,BODI,GH1605,20897,22159,43056,3332,3067,2448,1935,1785,1625,1442,1303,973,834,741,439,323,234,185,99,132,3305,3100,2566,2108,1847,1757,1553,1392,1046,926,806,563,449,296,230,114,101,6637,6167,5014,4043,3632,3382,2995,2695,2019,1760,1547,1002,772,530,415,213,233
