"district_code","elevation_std","rainfall_std","travel_time_std","poverty_std","literacy_rate_std","pop_density_std"
"GHA1.1_2",0.667372931501537,0.299323230271552,0.25609993128984,-0.102878729276159,0.199159973679802,-0.455096269421887
"GHA1.2_2",0.477905768905112,0.774606091572381,0.00584336044092107,-0.110300613186204,0.0293607298536257,-0.502965431591865
"GHA1.3_2",0.941209561466428,-0.0326910911974428,-0.0529523197754694,-0.325535246577502,0.251374610715304,-0.64986459188084
"GHA1.4_2",0.34684470496901,0.276911816351779,-0.387239059065655,-0.0731911936359798,-0.00327169630677693,-0.423199467825551
"GHA1.5_2",1.1029779650083,-0.0596986876329318,-0.670332654541658,-0.444285389138219,0.390580493147851,-0.427117848577282
"GHA1.6_2",1.37616359726666,0.0621259066766348,-0.511844895054495,-0.288425827027279,0.100234949785363,-0.137121920913163
"GHA2.1_2",-0.113070936528337,0.849627633228587,-0.3424730731327,0.698684733008677,-0.0356933475337018,-0.587990058850564
"GHA2.2_2",0.18912400929097,0.839593474309056,-0.56213030818903,0.357278073146618,0.0831875027181209,-0.381344644973423
"GHA2.3_2",1.0160487845338,0.686585148766805,-1.06151505040983,-0.58530118342907,0.734055258807138,-0.0329609079560403
"GHA2.4_2",-0.43088768782618,1.06086974293312,-0.340909653017087,0.550247054807782,0.152385400009605,-0.427152126042816
"GHA2.5_2",1.41990109627696,0.270392585184027,-0.336933049468915,-0.177097568376607,0.318189998211964,0.36099201326901
"GHA2.6_2",1.17130918622458,0.500726487566908,-0.482484213512133,-1.08256740540207,1.01230493495252,0.978629510635969
"GHA2.7_2",0.634430966140022,0.237059364480697,-0.386291090967576,-0.0806130775460246,0.273945690348007,-0.218547813128524
"GHA2.8_2",1.12463190996048,0.365392434019131,-0.0294961343440544,0.312746769686349,-0.214472589143863,-0.547648645188865
"GHA2.9_2",1.70142871684564,0.383517889344684,0.235833649484237,0.320168653596394,-0.143827770518923,-0.332247090729423
"GHA2.10_2",0.0376568420242506,0.653423459302325,-0.509256323191201,0.075246484564916,0.0119694568965873,-0.441634951755419
"GHA2.11_2",0.0811992886243818,0.743843539827543,0.20652477759938,0.201418511035677,-0.0513291060441555,-0.09310789161119
"GHA2.12_2",0.656682248810788,0.603883866892399,-0.132661477915714,0.25337169840599,0.138554343416705,-0.141919212841585
"GHA2.13_2",0.60772689227904,0.496349952645243,-0.125390926688634,-0.793113932910324,0.789165339057709,0.201804038645729
"GHA2.14_2",0.449913032125184,0.252744353883692,0.639555840396921,-0.117722497096249,0.363523844972011,-0.673675598385655
"GHA2.15_2",0.535021065033281,0.759962163832941,0.0427381004570261,-0.221628871836876,0.241140337645116,-0.455228824046218
"GHA2.16_2",1.10462002647996,0.619205418781527,-0.701374442685993,-1.20873943187283,0.660197769983842,2.25201615637062
"GHA2.17_2",0.817570858991994,0.721449109403931,-0.713283391449979,-1.57983362737507,1.20665352821199,1.91863327289444
"GHA2.18_2",0.734910939583098,0.569335225095186,-0.566661423706769,-1.02319233412171,1.01014886644947,0.903512501541691
"GHA2.19_2",0.865075091634769,0.688756150115218,0.441581796345093,-0.184519452286652,-0.00984676840618663,-0.619794533161053
"GHA2.20_2",0.842892447660243,0.481400898221481,-0.276737446826579,-1.04545798585185,0.872297665066325,0.747406890800575
"GHA2.21_2",0.570788739023906,0.565080402113524,-0.325776561663058,-1.11967682495229,0.998469465767158,0.434108911724877
"GHA2.22_2",0.648954222939247,0.525829150615849,-0.777698030767217,-0.607566835159204,0.743798946470481,0.0955463781499264
"GHA2.23_2",0.899146385761026,0.829786322455103,-0.267030355422892,0.275637350136125,0.0472613647715749,-0.442060045258546
"GHA2.24_2",0.542850814440255,0.426359360021404,-0.471038207394768,-0.852489004190682,0.992983450954154,0.357055822505562
"GHA2.25_2",0.791220019082537,0.468561135385553,-0.412501256990001,-1.04545798585185,0.933294801874814,0.430307144705624
"GHA2.26_2",0.521606891052425,-0.059895125043075,0.596484603567969,-0.191941336196696,-0.47823781347452,-0.481878271600152
"GHA2.27_2",1.16603602250103,0.36918871434311,-0.130101889665008,-0.496238576508533,0.474968934702616,0.328332216004437
"GHA2.28_2",1.04491522443037,0.821361591798757,-0.788033685827312,-1.38686464571391,1.20773518790793,2.84352122515428
"GHA2.29_2",1.49285201432385,0.508283383785935,-0.460412025407021,-1.26069261924315,1.05118915456555,1.49966250618266
"GHA2.30_2",0.838692483695638,0.7066506378347,-0.763031969501235,-1.34233334225364,1.35527453412184,1.49922459408816
"GHA2.31_2",1.3252392810976,0.0480469487796235,0.548455777052838,-0.377488433947816,0.566681335435253,-0.151025397163092
"GHA2.32_2",0.484638945184159,0.723461036077272,-1.36142153665628,-1.22358319969292,1.11091662038491,0.736745925926354
"GHA2.33_2",0.127774182948291,0.695451439019438,-1.27255145838004,-1.07514552149203,0.906932620494477,1.07758526017894
"GHA2.34_2",1.57052764526624,0.257796814648904,-0.408283759736641,-0.303269594847368,0.275450068466549,0.0359362903179372
"GHA2.35_2",1.61604645835497,-0.00818453229919001,-0.340737768108275,0.498293867437468,-0.55582283187237,-0.577406732423134
"GHA2.36_2",0.963806342035049,0.634205426882061,-0.691324855472652,-1.30522392270341,1.26556406081599,1.91789714477568
"GHA2.37_2",1.18556430768526,0.715822621163546,-0.707964408169238,-1.36459899398377,1.14100808367167,1.80561343605449
"GHA2.38_2",-0.361933286504478,0.160423866034778,2.37473219001732,1.70063906086472,-1.55852415733576,-1.98123675533012
"GHA2.39_2",0.274203730794382,-0.000369494851248308,1.40075288352055,0.906497482489931,-0.258822622414471,-1.00148185421602
"GHA2.40_2",1.05475705878417,0.329292672614447,0.0125538789284624,-0.763426397270145,0.775779936666291,0.216913323634388
"GHA2.41_2",1.59735533482319,0.175321973593107,0.575328002524994,-0.273582059207189,0.577049981407316,-0.429452628658483
"GHA2.42_2",1.69454542428129,0.270856223339817,-0.103637983747697,-0.370066550037771,0.748071992650022,0.165389654502225
"GHA2.43_2",0.925472535491979,0.742753793822754,-0.702047702815231,-1.401708413534,1.22476715900617,1.95230440723863
"GHA3.1_2",0.513306711444368,-0.760484334567632,1.75021836611707,0.602200242178096,-0.782221191904889,-1.81579473275887
"GHA3.2_2",1.29269367540166,-0.459468064744049,-0.377502665478624,-1.11225494104225,0.958816153852944,0.0246888437783575
"GHA3.3_2",1.55362046943192,-0.399964512532037,-0.398044026838726,-0.948973495021264,0.442351392073343,-0.367272217923213
"GHA3.4_2",1.09244052602546,-0.21910962659674,0.648936998094583,-0.874754655920816,0.474902844055337,-0.542904669342522
"GHA3.5_2",1.21416705647541,-0.263731488934383,-0.373784897883315,-0.600144951249159,0.32864753828514,-0.38856890394956
"GHA3.6_2",0.617970682536617,0.0127368997298375,0.653987590362676,-0.325535246577502,-0.0722417869829333,-0.354262319622582
"GHA3.7_2",1.4895329960968,-0.644290193096764,0.710843593442556,-0.971239146751399,0.185118683809874,-0.421586269805927
"GHA3.8_2",1.31154940012346,-0.523605728308894,0.0860258124737918,-0.889598423740906,0.199302587159507,-0.263598477328592
"GHA3.9_2",1.09259393433457,-0.206240996469337,-0.963886545550794,-1.23842696751301,0.969604417539241,0.342880196418831
"GHA3.10_2",1.11792309465756,-0.370303029702451,-0.896169571430764,-0.74116074554001,0.575539213186817,-0.341544414590773
"GHA3.11_2",0.790777077280188,-0.544691897337759,-0.0762532885690311,-0.451707273048264,-0.463472284424692,-0.786894204619143
"GHA3.12_2",0.781023962967805,-0.391481473364899,-0.643133168271839,-0.295847710937323,-0.302658180799066,-0.444739941423112
"GHA4.1_2",-0.371926553953103,-0.116743658656898,1.47117091379102,0.0900902523850056,-0.83236955614781,-0.87140500873278
"GHA4.2_2",-0.362211133313236,-0.614645124907774,0.603333033418418,0.038137065014692,-0.780960455230943,-1.28237376852435
"GHA4.3_2",1.23787917470762,-0.303967757993007,-0.50102400218178,-0.117722497096249,-0.764897708646646,-0.836245217164719
"GHA4.4_2",0.72445497818932,-0.230119746024164,0.0541507700324719,-0.132566264916338,-0.357931015014257,-1.06262409721458
"GHA4.5_2",0.839537217002832,-0.156116055702684,-0.0900184138637318,-0.711473209899831,-0.0457358902994533,-0.362435301907239
"GHA4.6_2",-0.682119307162948,-0.225427326885151,2.26464770922156,0.201418511035677,-1.01566271464442,-0.808493074273128
"GHA4.7_2",-0.115419960279695,-0.296335570201792,0.703739087989849,0.795169223839259,-1.21253410744667,-1.00699569333458
"GHA4.8_2",-0.633317770241014,0.314666294038448,4.36245981117786,1.62642022176428,-1.4799417141543,-1.63306551217215
"GHA4.9_2",-0.513625792800337,0.0796445006083159,3.71815193797752,-0.0583474258158902,-1.24792881834397,-1.46387492951241
"GHA4.10_2",2.03606063174403,-0.101707422199217,-1.09808781145299,-1.3200676905235,0.360591863532566,0.330834187070487
"GHA4.11_2",2.46949704457225,-0.124547375368208,-1.01616402939966,-0.934129727201175,0.153526587401339,0.109028641774275
"GHA5.1_2",-0.977409562431757,0.422025282753229,-0.25355602248246,0.0307151811046473,0.16778394839357,0.25132558782031
"GHA5.2_2",-0.803526429003656,0.219374336547338,-1.12206729565867,-0.125144381006293,0.446849692648412,0.193537693252634
"GHA5.3_2",-0.638806643824088,0.760306353877226,-0.997362272840891,-0.488816692598488,0.657934823518268,0.344656914968116
"GHA5.4_2",-1.12461545179059,0.511665277411859,-0.544755705976591,0.149465323665364,0.333500766198031,0.027670243017854
"GHA5.5_2",-0.540700960246487,1.15383898474181,-0.412900764633819,0.104934020205095,0.261188446071539,-0.186914579274343
"GHA5.6_2",-0.140504523234312,1.37502920556496,-0.310950930951651,-0.704051325989786,0.939122277437829,0.228089592393846
"GHA5.7_2",-0.525659621201667,1.24648271685929,-0.241377780248723,0.320168653596394,0.125397217198931,-0.433609077580986
"GHA5.8_2",-0.398153942970044,1.0897284940752,0.320284347419186,-0.0138161223556219,0.229785194397216,-0.522662327907382
"GHA5.10_2",-1.36101107206709,-1.05526754157596,-0.841888019959161,-1.26069261924315,1.22559355872211,1.43849926978886
"GHA5.9_2",-0.760618931494035,-0.284527813715429,-0.952326197217992,-0.377488433947816,0.245773506687588,0.686063229298195
"GHA5.11_2",-1.38211561939727,0.42181016397555,-0.376744949237613,-1.08998928931212,1.21215424826224,1.2222801533152
"GHA5.12_2",-1.62567155604092,-0.859222723201957,-1.04004071708715,-0.436863505228174,0.746195042419468,1.10005680348616
"GHA5.13_2",-1.54224319597641,-0.0987755797002776,-0.7368790276706,0.290481117956214,-0.193961572610304,-0.0480096818201966
"GHA5.14_2",-1.54812867612684,-0.152993436089455,-0.987217559699015,-0.652098138619473,0.526879769987141,0.70430194313504
"GHA5.15_2",-1.2793539442581,-0.603752757749391,-1.03634511192218,-0.978661030661443,0.985431281002923,0.595796333367856
"GHA5.16_2",-1.21279012831969,0.335303546318252,-0.934792715594782,0.0529808328347816,-0.060532703317841,0.346116972405395
"GHA5.17_2",-1.41005342053003,0.848723002013322,-0.0799123456303233,-0.184519452286652,0.227020022530917,0.317094715783236
"GHA5.18_2",-1.33224915392619,0.0407991455822972,-0.5128615534157,-0.266160175297144,0.399508185088869,0.584452329717311
"GHA5.19_2",-0.635194964512622,1.35174146698147,0.561392478664113,0.483450099617379,0.138478160337627,-0.464851760816124
"GHA5.20_2",-0.594977708852723,1.17324326676429,0.47369274259579,0.335012421416483,0.239645384075236,-0.412147139969669
"GHA5.21_2",-0.21143644325294,1.12775696515238,-0.313541626109381,-0.24389452356701,0.518897766951892,-0.0054595524129606
"GHA5.22_2",-0.262509888100155,0.895754193936354,-0.0848802335476034,-0.22905075574692,0.0642076437028056,-0.214901537857251
"GHA6.1_2",0.695857167434871,0.984449930381385,-1.15370632812328,-0.882176539830861,0.977193019721503,0.485146268681178
"GHA6.2_2",1.19369725248426,1.293923766664,-0.81747914198344,-0.481394808688443,0.665282105312494,0.0884229625377082
"GHA6.3_2",0.00514646098297435,1.577094237457,-0.927224524324138,0.171730975395498,0.246455008977875,-0.306004957027738
"GHA6.4_2",0.858097153622132,-0.128103063626715,-1.129307854546,-0.555613647788891,0.98040391467195,0.275943397956619
"GHA6.5_2",0.42893263524258,-0.346021214620967,-1.02788235472092,-0.607566835159204,0.936828968467942,0.275021204917657
"GHA6.6_2",-0.34716625534283,1.31137103173782,-0.60440523695217,-0.295847710937323,0.120273731882963,-0.249293027954629
"GHA6.7_2",-0.086602736138946,1.48426935268463,-0.979259840451967,-0.139988148826383,0.347077542835543,-0.112642241025166
"GHA6.8_2",-0.524962864364304,-0.0277620406783725,-0.0150889092056944,-0.429441621318129,0.719119825657025,-0.323405672647075
"GHA6.9_2",0.748212361748788,1.22117852003256,-0.128228991732648,-0.681785674259652,0.59602398288786,-0.430501349991516
"GHA6.10_2",1.83523302391126,1.52919351279051,0.0680051820525045,-0.644676254709428,0.573806305349286,-0.470863830702835
"GHA6.11_2",-0.00900989976369124,0.598213222692385,-0.644763261462185,0.11235590411514,0.1337496051274,-0.0973643303581146
"GHA6.12_2",-0.426441809683682,1.37861319892579,-1.2146181090384,-1.16420812841256,1.0607362201774,0.737831651433551
"GHA6.13_2",0.158579624863318,1.07733765248091,-0.0465367341333151,-0.689207558169697,0.518998517667121,-0.261406122368069
"GHA6.14_2",-0.324437300490565,1.40936386209289,-0.94342242092396,-0.199363220106741,0.594248679715315,-0.414387101910844
"GHA6.15_2",-0.0971931767049716,1.65014178113206,-0.643727599157844,-0.704051325989786,0.638298066897001,-0.14198909206291
"GHA6.16_2",2.28997409826982,0.984799781446136,0.132159021294758,0.0975121362950499,0.0688452193058917,-0.739820572847634
"GHA6.17_2",1.91027569435289,1.10155493192909,-0.703922670963525,-0.436863505228174,0.753037980116403,-0.0376911946590834
"GHA6.18_2",0.136040783913584,1.52340511936482,-0.118786681663772,-0.592723067339115,0.594972994789633,-0.238254684987391
"GHA6.19_2",-0.759365658033207,0.228104762308806,1.83967644569459,1.55220138266383,-0.870252120206421,-1.28816187213768
"GHA6.20_2",-0.537025580274483,0.340661700014755,1.75200537463167,0.854544295119618,-0.766884110276883,-1.3967909285731
"GHA6.21_2",1.09058481220916,0.562047792435848,-0.0127009934239568,0.134621555845274,0.374175711707579,-0.340167524275647
"GHA6.22_2",1.842132776898,0.837412849225852,0.144236935365955,0.0900902523850056,0.37131583724023,-0.496644962492611
"GHA6.23_2",0.869696763848211,1.03269880780649,-0.43928929174262,-0.92670784329113,0.824611547638662,0.310037348174551
"GHA6.24_2",-0.208710976748553,-0.0744179069445598,-0.485824450078574,-0.577879299519025,0.653662261924105,0.372101963301706
"GHA6.25_2",0.427734996983979,0.609176354925337,-1.26957484492211,-1.26069261924315,1.27004681178064,0.837904602232712
"GHA6.26_2",0.445918161243347,0.434970338251056,-1.40552025427904,-1.41655218135409,1.31843259908258,1.4941413527013
"GHA6.27_2",-0.979777185949036,-0.411001804133084,-0.775215413873715,-1.08256740540207,0.895185352740288,0.872674943829961
"GHA6.28_2",0.475180467001915,-0.0393609076834008,-1.0411700189865,-0.266160175297144,0.529471755244161,-0.171178593528179
"GHA6.29_2",0.190045611353903,0.658165125696333,-0.996511819436292,-0.74116074554001,0.688838189608068,0.291318687793254
"GHA6.30_2",0.740929417495068,0.4962837187058,-0.303139457189945,0.379543724876752,-0.361545250610892,-0.621808733425345
"GHA6.31_2",-0.543246435349585,0.465274346903444,-0.713975602447792,0.156887207575408,0.0779931409591734,0.147190133085722
"GHA6.32_2",0.503684784280433,1.47232290119687,-0.51996266152333,-0.288425827027279,0.422429283378612,0.070578576043122
"GHA6.33_2",1.11253141807719,0.358930378723312,-0.89949998758038,-0.451707273048264,0.556358389804237,0.0843344632816072
"GHA7.1_2",-1.58499775840535,-1.50083514035278,-0.83808707026005,-1.34975522616368,1.14395951577988,2.50656555716929
"GHA7.2_2",-1.47517919817181,-1.40465949756705,-0.854607503198261,-1.43139594917417,1.43631369363319,2.00508169885525
"GHA7.3_2",-1.63212884015034,-1.6388564803154,-0.777329099265657,-1.38686464571391,1.37141156255263,2.50110746343951
"GHA7.4_2",-1.63233354230528,-1.64635761548284,-0.834440647155035,-1.22358319969292,0.881265551447563,3.40939714727673
"GHA7.5_2",-1.76551245259659,-1.14610286063336,0.115334259689325,0.0455589489247364,0.00508536165414951,0.110176453599556
"GHA7.6_2",-1.62795687896319,-0.939083871108961,-0.0538204500406712,0.928763134220066,-0.304253540086793,0.0379183837408877
"GHA7.7_2",-1.27655370766315,-1.30813400371657,-0.927079021997067,-1.43139594917417,1.43569267687426,1.71703236543062
"GHA7.8_2",-1.48151677606579,-1.27084542801418,-0.762610909840991,-1.49077102045453,1.16925632473979,2.46408054673503
"GHA7.9_2",-1.52328297007409,-1.53279301613408,-0.869876754224223,-1.14194247668243,1.32079329365266,3.52618659448624
"GHA7.10_2",-1.32661995782862,-1.55352339002671,-0.905348745781288,-0.904442191560995,0.71005419676704,2.29418554844421
"GHA7.11_2",-1.54938345157353,-1.5046611410342,-0.898572615883218,-1.01577045021167,1.00567416390912,2.54908963140536
"GHA7.12_2",-1.18862930724348,-1.48952215705508,-0.939284867719457,-1.35717711007373,1.55601207289767,1.47178187003784
"GHA7.13_2",-1.33075050124133,-1.19523230986428,-0.741025764366625,-1.43139594917417,1.4399957849315,2.14823977710551
"GHA7.14_2",-0.902922832812816,-1.13144676177238,-0.901533410408833,-1.29780203879337,1.46424021386224,1.69746596548907
"GHA7.15_2",-0.644441847865092,-0.86827299661971,-0.796290849992176,-1.26811450315319,1.37761241560426,1.34476327072869
"GHA7.16_2",-1.21299830767477,-0.627761145542404,-0.682578419163091,-0.874754655920816,0.971335888650316,1.37045315571521
"GHA7.17_2",-1.35282450843044,-0.810524360751917,-0.630281294357995,-1.26811450315319,1.15716967784649,1.3145147851518
"GHA7.18_2",-1.52940166953564,-1.58856737111463,-0.860024266603856,-1.26069261924315,1.30334222595958,2.16381600427901
"GHA7.19_2",-1.23827187394583,-1.15429124375774,-0.774935397538327,-1.26811450315319,1.28769268429253,1.28735430197402
"GHA7.20_2",-1.5343744772377,-1.55161534286152,-0.798877139197382,-1.12709870886234,1.4398040435043,2.23576434160599
"GHA7.21_2",-1.4516089661654,-1.64185710421299,-0.876684999682967,-1.38686464571391,1.54155333181676,1.79963100281959
"GHA7.22_2",-0.939338459387963,-1.11809807551538,-0.990410966846748,-1.20873943187283,1.40030605866045,1.65959596328422
"GHA7.23_2",-1.50248964244395,-1.58542720306257,-0.825361853972033,-1.20873943187283,1.35251334881349,2.20563674923138
"GHA7.24_2",-1.56758173856723,-1.03210179667919,-0.346407528250485,-0.607566835159204,0.771521161526941,0.248798987914016
"GHA7.25_2",-1.24826641705368,-1.41907245567151,-0.898152511754637,-1.22358319969292,1.38987660901688,2.18165177639236
"GHA7.26_2",-1.39846524985068,-0.768850192495127,-0.283611993840443,-0.303269594847368,0.50700907239813,-0.44426592826746
"GHA7.27_2",-1.63783854680498,-1.52960699381625,-0.728917911108099,-1.1864737801427,1.19022123167001,1.84332704418238
"GHA7.28_2",-1.57279827948141,-1.44811179235196,-0.810538293471396,-1.43881783308422,1.53756880818978,1.86852031541997
"GHA7.29_2",-1.47727420096812,-1.30011714958474,-0.780768283784546,-1.401708413534,1.38791048324503,1.1139253123882
"GHA8.1_2",1.20178410895004,-0.833710766199549,-0.185962998686528,0.795169223839259,-0.607345736915263,-0.455446749319789
"GHA8.2_2",-0.134449010054586,-0.650625441099396,0.471111177776339,1.9455612298962,-2.07384408278962,-0.78432439204803
"GHA8.3_2",0.941191126133145,-0.876224465965164,-0.0374858630022473,2.0123581850866,-1.70578771637083,-0.437904152500301
"GHA8.4_2",-0.136220283460415,-1.04363103095866,1.08666915030672,1.25532602626204,-2.2662487006751,-1.20593175727059
"GHA8.5_2",-0.197803185088165,-0.968750448856966,-0.336540655013713,1.03266950896069,-1.32145056471008,-0.746988527305375
"GHA8.6_2",0.49519745311932,-0.849987900517038,-0.359936218899154,2.17563963110759,-2.12772190568434,-0.40224034142241
"GHA9.1_2",0.181460013282348,-0.567560155609076,-0.525365941655335,1.77485789996517,-2.49961895075969,-0.845091166257058
"GHA9.2_2",-0.188958010939944,-0.745481500014684,-0.202791794650538,1.70063906086472,-2.5135218985392,-1.12922744087529
"GHA9.3_2",-0.268030118209928,0.143504208068318,0.685960519083134,1.55962326657387,-1.55535412169748,-0.430779361710671
"GHA9.4_2",-0.435498331759891,-0.888789666989774,0.378846883481025,1.29243544581226,-1.68013301637023,-0.707010703837971
"GHA9.5_2",0.146946271258443,-0.302440980773536,-0.581887836144707,1.91587369425602,-2.33720627998407,-1.15800227166929
"GHA9.6_2",-0.165228115779209,-0.630310869159941,-0.810485050554923,0.913919366399976,-1.99168585231261,-0.458958366401905
"GHA9.7_2",-0.137643589950536,-0.0986736813319036,-0.122153566265886,1.03266950896069,-1.79838175579951,-0.612081293246034
"GHA9.8_2",-0.220580862364621,0.0269149254849901,-0.119183322847816,1.38891993664284,-2.02164733068411,-0.824923972247698
"GHA9.9_2",-0.353065891195605,-0.428420195683777,-0.238812883740184,1.36665428491271,-1.16661366824508,-0.877829482231149
"GHA9.10_2",-0.0158469393936416,-0.655674505252329,-1.1724825779808,-0.659520022529518,0.0489559930582755,1.28147294628392
"GHA9.11_2",-0.412902538798409,-0.829987515213403,-0.718162841980575,1.00298197332051,-1.49364192939624,-0.642847680835893
"GHA9.12_2",-0.33349234068412,-0.580960357152307,-0.887877849799675,-0.488816692598488,-0.308760986479293,0.603890332810775
"GHA9.13_2",-0.11256017920425,-0.0430841586695469,0.474554184319142,1.84165485515557,-1.92195257533504,-0.734913916487312
"GHA9.14_2",-0.421014414645081,-0.851722437187583,0.151061265232278,2.22017093456786,-2.03807345633782,-0.584418634870833
"GHA9.15_2",-0.107616217860745,-0.244628375374486,-0.915873272549648,0.795169223839259,-1.23962940148703,-0.457442445855704
"GHA9.16_2",-0.279570143041191,-0.078320614453285,0.164229942461686,1.12173211588123,-2.08871010188406,-0.676442013008856
"GHA10.1_2",0.107088586797017,0.847569284593288,-0.127161266932274,0.490871983527424,-0.133493164907447,-0.769379327619886
"GHA10.2_2",1.04889264758606,1.34448290654096,-0.712510015527652,0.193996627125632,0.341759939212909,-0.453572453749475
"GHA10.3_2",0.838989424242438,1.00135203990901,-0.540332456467099,-0.0286598901757111,0.0319047436199461,-0.454718946852872
"GHA10.4_2",-0.501056187525486,0.485029610020935,1.21072525185589,1.01040385723056,-1.03755693286516,-1.07332666968822
"GHA10.5_2",-0.528103125867546,0.183031153146636,1.33582158126162,1.45571689183325,-1.29612703638388,-0.750977542229572
"GHA10.6_2",-0.703929540945049,0.269652123707176,2.1301443176373,0.728372268648857,-0.761241447633214,-0.760900960976934
"GHA10.7_2",-0.387743082302332,0.0220560716196887,0.0411564195604894,2.04946760463683,-1.88774366814515,-0.412148729547453
"GHA10.8_2",1.13321388680585,0.320428080667953,0.461645510883238,1.12915399979127,-1.08372370030432,-0.936750661479417
"GHA11.1_2",0.41749334633961,-0.854730137360756,1.2108823795057,0.713528500828767,-1.34240490854981,-1.54849751615662
"GHA11.2_2",-0.393878756261598,-0.684018102517611,0.826177623562782,2.53931194269978,-2.14994076299556,-1.54456137535862
"GHA11.3_2",-0.544763482217424,-0.408716450171273,2.50204125858688,0.832278643389484,-1.55621214005834,-0.906121421256166
"GHA11.4_2",-0.456835666323058,-0.253872822228963,0.830664043156024,2.43540556795916,-2.47113127795621,-2.21696155308059
"GHA11.5_2",0.689411714035983,-0.894056680430618,1.90979826893775,2.28696788975826,-2.31444789418335,-1.79489736472449
"GHA11.6_2",1.1316640020006,-1.01963962622705,2.05980017982918,1.97524876553638,-2.03145550430123,-1.32832571228414
"GHA11.7_2",0.297701044473615,-0.901546776608156,1.44546525495137,0.899075598579887,-0.76443511959359,-1.75765634575785
"GHA12.1_2",0.517530048777956,-1.49099430542706,-1.10591335233387,-0.295847710937323,-0.822040131500469,0.490196085220428
"GHA12.2_2",0.376052856936062,-1.27213698983332,-0.228257833824223,1.48540442747342,-1.49706914865473,-0.312048124092742
"GHA12.3_2",0.344246639785701,-1.42008464613069,-0.830258291275581,1.9455612298962,-1.50522499574983,-0.0772740196882767
"GHA12.4_2",0.358511637317781,-1.11399015615971,-1.30858993233017,-0.199363220106741,-0.16635176639248,0.560520082734648
"GHA12.5_2",0.0816771258790161,-1.1477867312432,-1.09717859443071,-0.548191763878846,0.0656916823946275,0.428647240430659
"GHA12.6_2",0.612818665288923,-1.26084778282158,-0.879739752296475,1.96040499771629,-0.991150721588437,0.149242647329961
"GHA12.7_2",0.146254946159219,-1.14754104295501,-0.184526660866066,0.899075598579887,-0.648788916074523,-0.728934557438559
"GHA12.8_2",0.0636579044049106,-1.09365152473836,0.357059860826852,2.04204572072678,-1.40472158138051,-1.26570843155361
"GHA12.9_2",0.442807857156688,-1.2013179068644,-0.522621940819526,1.27016979408213,-1.43578820075815,-0.460204786959217
"GHA12.10_2",0.0128840337235359,-1.18379506734128,-0.569953566472289,0.461184447887244,-0.180962773073932,-0.332853377571543
"GHA12.11_2",0.740233483663654,-1.20894981160459,-0.166918065843977,1.93071746207611,-0.754279498229073,-0.474290046304459
"GHA12.12_2",0.638262223438978,-1.19126365146714,-0.772622754568179,3.04400004858283,-1.05106825919852,-0.0136891978715341
"GHA12.13_2",0.739581992153547,-1.45459535909078,-1.04308227840979,0.980716321590379,-1.77763892148594,0.221495463218554
"GHA12.14_2",0.172070667599914,-1.07944434464086,-0.540895780346879,2.12368644373728,-0.734838865278625,-0.475267496934135
"GHA12.15_2",0.698415069927815,-1.27401276896448,-0.733300976282825,1.71548282868481,-1.68292638738304,0.0120133811208673
"GHA13.1_2",1.22622113082311,-1.27617641098628,2.36366063603274,0.824856759479439,-1.73137349660508,-1.32924567841518
"GHA13.2_2",1.29267359405648,-1.46143896673119,2.23844009124117,1.67095152522454,-1.25178609794427,-0.663911984273047
"GHA13.3_2",1.42070994652473,-1.45835795612561,2.00382727660816,1.2330603745319,-1.37732046092822,-0.788554470463022
"GHA13.4_2",1.04909741146645,-1.50258128211528,1.96636443520413,0.884231830759797,-1.05041441313419,-0.43367641719433
"GHA13.5_2",1.25913675965712,-1.35148072046981,2.03957594028663,0.96587255377029,-0.968998429429911,-0.73961763148416
"GHA13.6_2",1.05824331198884,-1.45876328545178,1.6246969430661,0.312746769686349,-0.905057940240294,-0.34874400944741
"GHA13.7_2",1.14171487986574,-1.10990403166037,1.32100232062486,0.0900902523850056,-1.16780041454179,-1.65553895068031
"GHA13.8_2",1.34991892512476,-1.33463918458577,1.82617557071268,0.349856189236572,-1.43257317850478,-1.2308613598093
"GHA13.10_2",0.889330393794054,-1.09350801786956,2.40499837272538,1.56704515048392,-1.9910037402686,-1.46967411478232
"GHA13.9_2",1.53636236386048,-1.12814497175994,1.65132710650185,-0.822801468550503,0.123288998133239,0.28095207057209
"GHA13.11_2",1.10339473522144,-1.1045220992867,1.90878904228971,2.54673382660983,-1.78848747702178,-0.768752191292694
"GHA14.1_2",-1.08480805309384,-0.341263693021993,-0.433063214786217,0.416653144426976,0.0649046878002753,-0.955689567428523
"GHA14.2_2",0.340069884588888,0.625682192730556,-0.883800387287097,0.364699957056662,0.665694410163849,-0.322933288033761
"GHA14.3_2",-1.0168111368945,-0.421259573216069,-0.371177746737104,-0.139988148826383,-0.0154104419905876,-0.356712207610421
"GHA14.4_2",-1.15180966703762,-0.851020470649895,0.788473995173981,0.869388062939708,-0.363778698678895,-0.47198132801352
"GHA14.5_2",-1.49002180185483,-0.95803526932039,0.461056919200435,0.186574743215587,0.0448604751620328,-0.158238623604371
"GHA14.6_2",-1.81740795243626,-1.38103804052283,0.83491838044197,0.297903001866259,-0.0399387947509596,0.374390949863469
"GHA14.7_2",-1.42852294973639,-0.702623046276568,0.0924876870722412,0.624465893908229,-0.337646359278516,-0.373033650803794
"GHA14.8_2",0.0505949893635622,0.273971482322141,-0.980489842059965,-1.11967682495229,1.22691033483435,0.219850663885039
"GHA14.9_2",0.0401064369341603,0.252705292842482,-0.314423664294938,0.0232932971946021,0.70289413065754,-0.615917723234766
"GHA14.10_2",1.19510887228989,1.19852028706972,-0.919398134104616,-0.652098138619473,0.870130843148573,-0.175330878255584
"GHA14.11_2",-1.78919533611432,-1.30925856543198,0.781417689689526,-0.177097568376607,0.32418184958492,-0.232883524508309
"GHA14.12_2",-1.47061838724838,-0.994671129363132,0.556520672181345,-0.0286598901757111,-0.116727521329827,0.128478591982172
"GHA14.13_2",-1.6908923291445,-1.17035155881758,0.220843034688346,-0.147410032736428,-0.0416247572397073,0.887698660870008
"GHA14.14_2",-0.624655303413718,0.282583590582055,-0.464509022708494,-0.310691478757413,0.712243601291278,-0.107538571217384
"GHA14.15_2",-0.549390750871327,0.17979644416882,-0.214875760263133,0.186574743215587,0.679627439274172,-0.601595249510966
"GHA14.16_2",-1.49566321959076,-0.538348723906476,0.268358223656326,0.802591107749304,-0.0986485005381893,-0.50837980827104
"GHA14.17_2",-0.217772930664033,0.178497808247929,-0.265725240423487,0.104934020205095,0.54766705936177,-0.201285476315166
"GHA14.18_2",-1.7315895618745,-1.05069881505297,0.345476580350565,0.357278073146618,0.0628396222987902,-0.144370489622672
"GHA15.1_2",-1.42590406247589,1.51964563422464,0.640776127698894,-0.0286598901757111,0.290564948926813,0.139235149748156
"GHA15.2_2",-1.50907169425541,1.62528367416721,0.322040566712031,-1.35717711007373,1.31914324237307,1.26421153798462
"GHA15.3_2",-1.18910150690735,2.51482699276604,2.40197345313187,0.42407502833702,0.195919064894354,-0.376802109916409
"GHA15.4_2",-1.22238625424709,2.99740068072989,2.16848219018305,0.26821546622608,0.0405862393300349,-0.603018327981741
"GHA15.5_2",-1.14262994098048,1.90325676395508,0.807346936928158,0.28305923404617,0.223637668489926,-0.5038687042678
"GHA15.6_2",-1.213834193668,2.25834427075225,2.57474167448607,0.787747339929215,-0.328012443276054,-0.583917159743971
"GHA15.7_2",-0.852678484159742,2.21059073261785,1.16328947605146,0.142043439755319,0.231428666705474,-0.349947510680573
"GHA15.8_2",-1.5018866259843,1.49439125727645,0.125420049962521,-1.27553638706323,1.27862538854824,1.59886529775508
"GHA15.9_2",-1.59718009823038,1.35039584241688,0.0819851900250545,-0.41459785349804,0.541372922877881,0.631334379307466
"GHA15.10_2",-0.95046072639895,2.27952045000651,1.33028707795115,-0.696629442079742,0.754361586898763,0.0561492901373278
"GHA15.11_2",-0.573450342215675,1.81092212167101,1.28486232372964,0.743216036468946,-0.325220107737567,-0.779437227854097
"GHA15.12_2",-0.463432882019146,1.2242122623491,0.42739762859512,0.587356474358006,-0.173617363889871,-0.409064687861021
"GHA15.13_2",-0.635544906642609,2.07631698820321,1.96731654382812,-0.199363220106741,-0.0403201883600524,-0.561572385929912
"GHA15.14_2",-0.832332131061104,1.61219313044343,1.20932787766331,0.772903572109125,-0.149578718033737,-0.816148416678415
"GHA16.1_2",-0.389370000464511,2.21376430069066,2.01746977863561,0.706106616918722,-0.592838728273641,-0.920309247072284
"GHA16.2_2",0.565290730074785,0.210091961290511,1.30496043648301,0.735794152558901,-0.477765180882206,-0.742578869352763
"GHA16.3_2",0.290697922242932,0.536339966444096,1.51739277233333,0.42407502833702,-0.499453635611657,-0.564000840776543
"GHA16.4_2",0.231240186579559,1.05012116439026,0.532316219401375,-0.644676254709428,0.359569951319883,-0.0588790699878772
"GHA16.5_2",0.0643681585398565,1.40535019858304,0.554199641992053,-0.132566264916338,-0.306965137787821,-0.502888066718807
"GHA16.6_2",0.451828331572282,1.00182303449297,1.03091304077551,-0.22905075574692,-0.240926725848423,-0.770177513807141
"GHA16.8_2",0.393663044452963,1.71690842260095,1.23721208991668,0.394387492696841,-0.286393819169258,-0.823749381684625
"GHA16.7_2",0.216787708292043,1.28609400925855,0.397146521648057,-0.666941906439562,0.269239635237163,-0.246041295273613
"GHA16.9_2",-0.278584840317719,1.51863967233719,0.862542058282611,-0.22905075574692,-0.0908358081782661,-0.526090672570747
