ADM2_NAME,n_obs,direct_prev,direct_se,direct_low,direct_upp,direct_cv,iid_prev,iid_se,iid_cv,spatial_prev,spatial_se,spatial_cv,itn_coverage,pfpr_map,accessibility
ABUAKWA NORTH,12,0.12869676636004193,0.11173445856772862,-0.09075355185630671,0.34814708457639054,0.8681994251132964,0.2161529426160739,0.09123147001379764,0.4220690632735959,0.1274259365808332,0.04806958595692724,0.3772354926065941,0.10235201868872018,0.18406178057193756,9.776191711425781
ABURA-ASEBU-KWAMANKESE,11,0.11462070345324882,0.05061932715802969,0.015202604550539914,0.21403880235595774,0.44162464225912,0.15932429309717325,0.05383952402417215,0.33792413559515977,0.1537690294478076,0.05395750861427357,0.3508997150338903,0.5383860588240679,0.18635286390781403,6.872013568878174
ADA EAST,8,0.14285714285714285,6.938893903907226e-18,0.14285714285714285,0.14285714285714285,4.8572257327350586e-17,0.1450958422249925,0.01172615859539968,0.08081664102556806,0.1430504972930953,0.012393802856239181,0.0866393552679904,1,0.1598484367132187,12.123185157775879
ADENTAN,11,0.1080350554917389,0.0711725489598927,-0.0317502776787766,0.24782038866225442,0.6587912473033813,0.18395572742018754,0.07622454701519397,0.41436354325127145,0.1308461944185028,0.07290074789681088,0.5571484002327398,0.4504528494806738,0.09862520545721054,3.597092866897583
AFADJATO SOUTH,10,0.30095665333965804,0.07254098555673966,0.15848366364414196,0.4434296430351741,0.2410346631375858,0.2918078064294001,0.0628349033353959,0.21532975455404127,0.281896249787837,0.05864331631887783,0.20803155899737732,0.7009566533396581,0.2921629846096039,16.659770965576172
AFIGYA KWABRE SOUTH,15,0.19606260617701918,0.0870034037582673,0.025184929895230856,0.3669402824588075,0.44375317381895085,0.2226258807220496,0.07229752360888873,0.3247489616858735,0.2317843699966581,0.08519245509248653,0.36755047414851505,0.43923136442617444,0.14467808604240417,5.718035697937012
AGONA EAST,12,0.35615906363133915,0.1897490303294453,-0.016514555776765694,0.728832683039444,0.5327648506113966,0.29443897788803747,0.10315949909279715,0.35035952044373786,0.2956638730912074,0.10256764143974995,0.34690623635343343,0.5723191942722792,0.20498254895210266,7.891491889953613
AGONA WEST,16,0.2965378388368013,0.17466683784319048,-0.046513835981107254,0.6395895136547098,0.5890204047090187,0.2722736283986788,0.09498951042908219,0.3488751774740117,0.2539430390184367,0.10494550948829726,0.41326397405474086,0.7343690604813315,0.21503973007202148,12.458333969116211
AHANTA WEST,27,0.2725147681743988,0.0696857786442777,0.13564950302102555,0.40938003332777206,0.25571376961002545,0.2711869713684237,0.05961177883126609,0.21981800427381126,0.2511032507947583,0.060723868029009254,0.24182828313378746,0.5109844451504936,0.3396950960159302,15.742379188537598
AJUMAKO-ENYAN-ESSIAM,11,0.11002423751390396,0.07000013948143122,-0.027458443131810686,0.24750691815961862,0.6362247179634867,0.18192703204965927,0.07129779651047972,0.3919032576259371,0.17778271707393806,0.06999090023879298,0.39368787580001074,0,0.20200785994529724,7.925722122192383
AKATSI SOUTH,10,0.6093739436720708,0.1351771275326801,0.3438814176163138,0.8748664697278277,0.22182951689418556,0.44405014415385946,0.10509529597305643,0.23667438769402097,0.5401595362180032,0.11978785538378472,0.2217638444791605,0.9248427637808225,0.20042133331298828,15.445525169372559
AKYEMANSA,8,0.10474178821568828,0.11709702978594956,-0.1252408042460587,0.33472438067743526,1.1179590474894214,0.2183740897954786,0.0961531300095306,0.44031382156914406,0.27459434518515896,0.11789140652166262,0.42932933102525633,0.4539233700461984,0.22752535343170166,16.856361389160156
AMANSIE CENTRAL,7,0.3333333333333333,5.551115123125782e-17,0.3333333333333332,0.3333333333333334,1.6653345369377348e-16,0.33124726261167803,0.022100835107883098,0.06672005357457689,0.3300644669725542,0.021405072100417203,0.0648511858812027,0.42857142857142855,0.25176966190338135,26.3335018157959
AOWIN,19,0.21615790402643453,0.10173468994057877,0.016347475200051587,0.4159683328528175,0.4706498723643127,0.2371103092781288,0.07945104970339457,0.33508053675641336,0.2547366783912431,0.07812436372915768,0.3066867489304725,0.6421580209278929,0.3827640414237976,59.214229583740234
ASANTE AKIM SOUTH,3,0.33333333333333337,2.775557561562891e-17,0.3333333333333333,0.3333333333333334,8.326672684688673e-17,0.33169270425323366,0.02091356910671324,0.06305103741668854,0.33282312447896195,0.022134697978384243,0.06650588961640314,0,0.20684856176376343,20.40123176574707
ASSIN FOSO,6,0.16666666666666669,2.0816681711721688e-17,0.16666666666666666,0.1666666666666667,1.249000902703301e-16,0.16842357351670245,0.014040325936544149,0.08336318748842945,0.17044970262400028,0.014007059271472382,0.08217708248145755,0.5,0.21052080392837524,24.432044982910156
ASSIN NORTH,7,0.33333333333333337,4.1633363423443376e-17,0.3333333333333333,0.3333333333333334,1.249000902703301e-16,0.3315220920370867,0.022399039777039133,0.0675642447820141,0.3304280319731316,0.021683283003040416,0.06562180234394753,0.5714285714285714,0.24829070270061493,20.802560806274414
ASSIN SOUTH,21,0.32370481362582076,0.06337792311597444,0.19922839360306427,0.44818123364857726,0.19578925134315336,0.3131867071058472,0.05573175172091709,0.17795056576932408,0.28850889199423396,0.050949533465580885,0.1765960595301137,0.8534965341038887,0.22809502482414246,47.58395004272461
ASUNAFO NORTH,77,0.22881186229896366,0.054635357054291726,0.1215061426031862,0.3361175819947411,0.2387785165740473,0.23483151527934099,0.04962534774835062,0.21132320203836094,0.20845479696474314,0.042356722397559034,0.20319380035530202,0.6612824444134705,0.34139102697372437,26.4415225982666
ASUNAFO SOUTH,41,0.27442904880412666,0.07718098947434186,0.12284293188451714,0.4260151657237362,0.28124205440594474,0.2718312172398127,0.06673820636734641,0.24551339998771807,0.24139015807668998,0.05456270863461624,0.22603534903557085,0.755774115133983,0.3428555727005005,17.642881393432617
ASUTIFI NORTH,28,0.04278647884713405,0.03609370664608455,-0.028102801958657463,0.11367575965292556,0.8435774015206722,0.14761192943393267,0.06616919940495668,0.4482645790127167,0.14079836186016328,0.056108684393252055,0.39850381532831697,0.5045803278947537,0.29746729135513306,23.021953582763672
ASUTIFI SOUTH,25,0.2407358710444487,0.05759166483510644,0.12762386122509217,0.35384788086380525,0.23923175464147137,0.2444774830152582,0.0507723554985601,0.2076770215087306,0.2269854348552721,0.046457252492813225,0.20467063237971536,0.8786107982902467,0.3113047778606415,15.061627388000488
ATEBUBU-AMANTEN,45,0.3584343341450122,0.05771551215388954,0.24507908393351902,0.47178958435650536,0.16102115968203956,0.34421180005217544,0.051981609062776504,0.15101634823355028,0.3420626990255993,0.051815815608812626,0.1514804617878982,0.6907107763156978,0.2575796842575073,30.240230560302734
ATIWA EAST,7,0.16666666666666666,1.3877787807814455e-17,0.16666666666666663,0.16666666666666669,8.326672684688674e-17,0.16879557856511546,0.014110173829835919,0.0835932667773801,0.1658915730039061,0.013526234677458365,0.08153659907209315,0.7142857142857142,0.1892840415239334,56.60380935668945
ATWIMA-KWANWOMA,9,0.20584879988387147,0.051412158950516464,0.10487355208203585,0.3068240476857071,0.24975690399711034,0.21694640985332572,0.04772801556075754,0.21999910297213837,0.21569546007598783,0.05135932921118784,0.23811038578695326,0.4499676809084376,0.15502117574214935,8.734023094177246
AWUTU SENYA,7,0.636331570636913,0.14023196916011174,0.36091116183224814,0.9117519794415779,0.22037562747319236,0.4510807314827809,0.1093126153676887,0.24233492529897943,0.43126477889215753,0.11547835542171112,0.2677667202927038,0.399968959500636,0.15822246670722961,4.767773151397705
AYAWASO NORTH,10,0.10982521753617902,0.10550477783921303,-0.09738979354409644,0.3170402286164545,0.9606607681378574,0.21290291283651483,0.09319819297783954,0.4377497317258648,0.14829100255659422,0.12993381747947422,0.8762083689459573,0.08659862336851104,0.0734393522143364,0.7719780802726746
BAWKU MUNICIPAL,41,0.2422193832119362,0.10237074197346673,0.041159726324589335,0.4432790400992831,0.42263645714882675,0.251346915112584,0.0772577373445137,0.30737491769058795,0.3016695661851294,0.08115376621812231,0.26901542387712934,0.42365529379881056,0.12651704251766205,13.083562850952148
BAWKU WEST,26,0.24300792975232116,0.018591083109141742,0.2064944033381333,0.27952145616650903,0.07650401831779798,0.24392363672574882,0.018423328148508316,0.07552908113297055,0.24840988754013527,0.017662928156421287,0.07110396583375736,0.7767344073358267,0.13948027789592743,24.121902465820313
BEREKUM,14,0.07007078418665262,0.07380486315956805,-0.07488450457472491,0.21502607294803017,1.053290098237929,0.1952903851261648,0.08702272938354354,0.44560682968249377,0.15398908591905036,0.06910448785757213,0.44876224470803905,0.5005278956137127,0.2253347486257553,26.2347354888916
BIA EAST,15,0.10427494146598727,0.04072232576519446,0.024294893571766715,0.18425498936020784,0.3905283972609795,0.14226376165956153,0.044955489596808666,0.3160009905009229,0.12350770386355656,0.0378662947673,0.30659054927563284,0.6010390721215121,0.34545448422431946,29.201234817504883
BIA WEST,23,0.08244803268540066,0.05786527068811857,-0.03120134843622939,0.19609741380703072,0.7018393138489643,0.16896507464644728,0.06994150226281852,0.4139405874803911,0.11609946239495954,0.05487605057259379,0.4726641229906008,0.7644836908763633,0.37088873982429504,34.14525604248047
BIBIANI-ANHWIASO-BEKWAI,34,0.06914868952649272,0.07284690516377358,-0.07392513679518842,0.21222251584817386,1.0534820784400256,0.1949459231359788,0.08842158123582838,0.4535697890647988,0.19165336192950103,0.074595033709926,0.3892184982247559,0.584245731334629,0.30570387840270996,19.404909133911133
BINDURI,27,0.44977654447221943,0.17682758721353273,0.10248108360132746,0.7970720053431114,0.3931454171782729,0.3398573011153047,0.10500696107842092,0.30897368022938193,0.3515531640854877,0.09959106580795911,0.2832887767260755,0.47834210904452223,0.13727429509162903,17.48639678955078
BOLE,84,0.31543464515347425,0.03206643931246797,0.2524550558540747,0.3784142344528738,0.10165794976917039,0.31257733847901326,0.03105935404482241,0.09936534169737249,0.3069407357347702,0.03136946499556671,0.1022003968305898,0.6739090963763165,0.20377373695373535,55.24443817138672
BOLGATANGA MUNICIPAL,51,0.21497821704399944,0.02304970098225242,0.16970781183340924,0.26024862225458967,0.1072187745306998,0.21704701778807803,0.023116076941452887,0.10650262407209453,0.22146095825311188,0.022618923148040964,0.10213503692235167,0.582800868752747,0.12252412736415863,18.866954803466797
BONGO,28,0.5051637848138877,0.19378184922349417,0.12456957044383132,0.885757999183944,0.38360202185690573,0.3509002619754863,0.10878147602546212,0.3100068247685194,0.3678211854233616,0.1064092075797793,0.28929602697382006,0.9165586061389258,0.12757623195648193,10.877058982849121
BOSOME FREHO,9,0.3333333333333333,1.3877787807814455e-17,0.3333333333333333,0.3333333333333333,4.163336342344337e-17,0.3316793197055054,0.0223165224243349,0.06728343040545762,0.3317019789761951,0.02186067118140189,0.06590455459106787,0.7777777777777777,0.19660213589668274,29.28588104248047
BOSOMTWE,9,0.27174817029507675,0.24506258106119277,-0.2095631645085902,0.7530595050987436,0.901800298397934,0.2632022250134148,0.1112707627946175,0.4227576829525142,0.2825056785781047,0.11777014959439112,0.41687710557588337,0.3086992681180307,0.16574326157569885,9.826325416564941
BUILSA NORTH,8,0.15024853560781298,0.11921763105610868,-0.08389899065780906,0.384396061873435,0.7934695042040018,0.2209828890783031,0.08962485574284502,0.40557373521841933,0.24992853343512983,0.10641708573932011,0.42579006196961977,0.7560088187855745,0.13003955781459808,23.424253463745117
BUNKPURUGU -NAKPANDURI,67,0.32729550086541515,0.06562774369703457,0.19840035586943064,0.4561906458613997,0.20051526380138324,0.3159484772358038,0.059010999015999877,0.18677412068030896,0.32090770391044127,0.05285976829505234,0.16471953664847014,0.5999735108355053,0.14703033864498138,24.970577239990234
CENTRAL GONJA,60,0.16879209125696598,0.045126913271553826,0.0801612820642834,0.25742290044964855,0.2673520597766245,0.18530911281024384,0.043318523892449196,0.23376359227841795,0.19322636923783107,0.03867436752612553,0.20015056784782573,0.5947081825834328,0.11867185682058334,62.06158447265625
CHEREPONI,38,0.2506066127041803,0.024418258857358606,0.20264831277391865,0.2985649126344419,0.09743661028682542,0.2513007537766414,0.023853367688186702,0.09491960262637258,0.2528355488809597,0.023758366423896872,0.09396766605428104,0.9183689334418635,0.20809540152549744,29.455078125
DAFFIAMA-BUSSIE-ISSA,7,0.6666666666666666,5.551115123125784e-17,0.6666666666666665,0.6666666666666667,8.326672684688677e-17,0.6566490575805655,0.022163334223632335,0.03375217548517242,0.6459788727413271,0.02251678331420515,0.034856841708539386,0.7142857142857142,0.12570138275623322,25.241527557373047
EAST GONJA,22,0.533262325691243,0.0760104834605655,0.38397512282634894,0.682549528556137,0.14253863398663438,0.4775980128508196,0.06713933159553526,0.1405770748391003,0.4364228505555086,0.06470696706534568,0.1482666798564334,0.7476405261134342,0.1422283947467804,52.696617126464844
EAST MAMPRUSI,100,0.2768499382554115,0.09370138881180601,0.09281718904223699,0.46088268746858596,0.3384555163792761,0.27054785165147355,0.07471253415299531,0.2761527533740754,0.3117353166146036,0.06029224491784503,0.19340845167178783,0.44925780351918054,0.11597823351621628,25.880355834960938
EJURA-SEKYEDUMASE,11,0.22222222222222224,2.0816681711721682e-17,0.2222222222222222,0.22222222222222227,9.367506770274756e-17,0.22304011634147797,0.01725030013346829,0.07734169268033293,0.22379787483426045,0.0171695764516334,0.0767191219503259,0.0909090909090909,0.19407033920288086,25.378416061401367
EKUMFI,8,0.30881182612235974,0.23442670131753163,-0.15161027518811,0.7692339274328295,0.7591247532879305,0.2712522819427397,0.10885420502666747,0.4013024489491527,0.24566440390903563,0.13383431564449874,0.5447851357987329,0.7265803735862245,0.19328100979328156,7.7908935546875
ELLEMBELLE,8,0.3333333333333333,5.551115123125782e-17,0.3333333333333332,0.3333333333333334,1.6653345369377348e-16,0.33119784135035246,0.021748428337723193,0.0656659724865687,0.3331536809753761,0.02182153117897709,0.06549989516877032,0.14113742442724164,0.3045074939727783,38.847938537597656
FANTEAKWA SOUTH,8,0.10984116019600508,0.12420703814182586,-0.13410573312886526,0.3537880535208754,1.1307877476911725,0.22341870028923214,0.10175792141648861,0.45545838949360734,0.15093992469061346,0.06700713684860955,0.443932491591978,0.2699912782859054,0.18808384239673615,37.17609786987305
GA WEST,22,0.021879887415582455,0.023658962508256817,-0.024587128379356702,0.06834690321052161,1.0813109802113212,0.14962875568866862,0.06960608073122547,0.4651918704453728,0.23729583969241605,0.13088409339863058,0.5515650572225924,0.37980840682473554,0.13604947924613953,4.900868892669678
GARU,14,0.3708636535221259,0.13545896753222827,0.10481758401719699,0.6369097230270548,0.36525274516864115,0.3181855731437576,0.09062850891182749,0.28482909522387784,0.3376991906373998,0.07381718749937656,0.21858858281551768,0.7827757451749346,0.15477313101291656,30.57912254333496
GOMOA EAST,51,0.09443640738435312,0.03353707206462124,0.028568444797282447,0.16030436997142378,0.35512863093283975,0.1269359514457211,0.03735451084201196,0.294278416922609,0.14751820538521762,0.04265801645411958,0.28917119987140394,0.4378906904032005,0.16373369097709656,9.403010368347168
GUSHIEGU,41,0.2699394170238024,0.0556735369994212,0.1605946762216901,0.37928415782591474,0.20624456262536894,0.268678430200962,0.04937558427732062,0.1837720439277147,0.2921303300415152,0.04810614374651816,0.16467356792319957,0.13936080276952867,0.16061951220035553,37.568721771240234
HO,28,0.08397110723631723,0.04671813863104833,-0.007784923270999694,0.17572713774363416,0.5563596833321603,0.1478759538247888,0.05644033451262234,0.38167351116122517,0.09469698276758595,0.05166646101563845,0.5455977530186261,0.3474174591766781,0.27750179171562195,15.767969131469727
HOHOE,39,0.06344393623392412,0.0444303306460356,-0.023818760732740973,0.15070663320058922,0.700308544574166,0.15081807331552238,0.06389759524538761,0.4236733293344041,0.16293518055609726,0.07039070505235648,0.43201661428865895,0.6847522199595978,0.3271395266056061,22.135284423828125
JAMAN NORTH,27,0.13000928033790154,0.09920028656416553,-0.06482349312081928,0.32484205379662234,0.7630246572116877,0.2068005577051999,0.08244684435418165,0.39867805613808827,0.16544685912155052,0.07707669762768353,0.4658698148573302,0.6676755414318292,0.219868466258049,13.265942573547363
JAMAN SOUTH,19,0.34903778735536295,0.22324714437767554,-0.08942727975618875,0.7875028544669147,0.6396073791012856,0.2856063092640834,0.10490162841234156,0.36729450649266004,0.22031283816179797,0.10752140221385732,0.48803965811058864,0.6271499669635865,0.21802197396755219,16.964963912963867
JIRAPA,23,0.14271948568117965,0.09708394055522546,-0.04795671145300223,0.3333956828153615,0.6802430662628703,0.21042429439594335,0.08343229171291643,0.39649552801126026,0.3837922318027598,0.09439387513112998,0.24595045784991632,0.9027112625605054,0.1410534679889679,18.606008529663086
JOMORO,7,0.29954611251074625,0.044183915776296656,0.21276738282034152,0.386324842201151,0.14750288496804162,0.2957785049192599,0.04100829082735195,0.13864527051601055,0.3040738252226092,0.04199006296883307,0.13809167210657675,0.7488652812768657,0.26228997111320496,52.75178527832031
JUABOSO,32,0.12758516878168974,0.04041672930241945,0.0482053228471996,0.2069650147161799,0.3167823477317829,0.1542999205899355,0.04238083892749459,0.2746653320718492,0.1447753763008081,0.03543265230613304,0.24474225667017147,0.5129525844622057,0.38376978039741516,31.142885208129883
KARAGA,10,0.5555555555555556,2.775557561562891e-17,0.5555555555555556,0.5555555555555556,4.996003610813204e-17,0.5483549909264194,0.024474390100921138,0.04463238322965354,0.5423406673916815,0.02471037498761835,0.04556246004279885,0.09999999999999999,0.1428164690732956,39.37440872192383
KASENA-NANKANA,19,0.23341989301521773,0.09079201462596644,0.055101254731447474,0.41173853129898796,0.3889643399847128,0.2456507359976055,0.07240285490293677,0.2947390106889096,0.27192296947900935,0.06443537393619463,0.23696186482388576,0.6927189556329219,0.13416685163974762,19.285398483276367
KASENA-NANKANA WEST,13,0.36883173933925056,0.1558005314186491,0.0628341389895431,0.674829339688958,0.4224162803823782,0.30903655642145705,0.0978871231020304,0.3167493329447218,0.31930896318128266,0.0963520774903824,0.3017518723258639,0.5413219296791476,0.1439921259880066,32.91608810424805
KETU NORTH,18,0.25859238053864003,0.14290010180642612,-0.022068332517575007,0.5392530935948551,0.5526075498000736,0.26282278457164765,0.09433106840326119,0.3589151091181205,0.36151871244164846,0.13005816062681036,0.359754989578313,0.8969292505734993,0.17795810103416443,8.784224510192871
KINTAMPO NORTH,12,0.1726151069569711,0.07556313668530458,0.024206508539106775,0.32102370537483543,0.43775506105697165,0.20531924900903945,0.06725491044293173,0.3275626165960248,0.23243410139817217,0.0647987377600092,0.27878326532218034,0.486797119800268,0.16133128106594086,62.672298431396484
KINTAMPO SOUTH,40,0.24537339946705655,0.08212462405265003,0.08407781426647387,0.40666898466763923,0.33469244926720737,0.24972251743910612,0.06707630512707007,0.26860335149162656,0.23640972591646614,0.059860798699616934,0.25320785118954187,0.6384783268112255,0.2256520688533783,29.76988983154297
KPANDAI,32,0.15951711348868536,0.03826544446690901,0.08436246493536483,0.2346717620420059,0.23988300458823936,0.17493486376953996,0.03715166654909616,0.21237428462539032,0.19192891208016888,0.03801734973186005,0.19808036902736242,0.7726948749186872,0.33072027564048767,30.55384635925293
KPANDO,7,0.3333527742887509,0.07854908968703626,0.17907966151418178,0.48762588706332,0.23563352623847336,0.31725374050644495,0.06723928700886055,0.21194166821019592,0.30952655125015777,0.06599481259679257,0.21321212131962117,0.4285928531193013,0.2891784608364105,19.452117919921875
KRACHI EAST,69,0.23902485542624877,0.13553179716712022,-0.027164253985594217,0.5052139648380918,0.5670196805492416,0.25183663119854177,0.09111211699864333,0.36179056464114145,0.31662741437243797,0.08616739552028849,0.27214129797027853,0.8464527270043926,0.32846155762672424,69.04624938964844
KRACHI NCHUMURU,26,0.33333333333333337,2.734990738115107e-17,0.3333333333333333,0.3333333333333334,8.204972214345321e-17,0.3317221983356565,0.022150749138995486,0.06677499802585422,0.33118386112680964,0.021549498430504965,0.06506808138894699,0.7772743903772008,0.31315356492996216,19.937545776367188
KRACHI WEST,11,0.14056393469475506,0.08701805354492365,-0.030342514271706783,0.31147038366121693,0.6190638710697005,0.20000927224299397,0.0768864142992479,0.38441424958457704,0.2778546729602259,0.09006962374652473,0.32416091040303624,0.6003955427459169,0.29402318596839905,32.990699768066406
KUMBUNGU,38,0.32307563520565774,0.11845814121617977,0.0904197730979951,0.5557314973133204,0.3666576129789973,0.29582345718586134,0.08674653192434392,0.2932375030349348,0.24289412029319676,0.06793508328305713,0.2796901102466082,0.31404489156686255,0.08857650309801102,53.636478424072266
LA-NKWANTANANG-MADINA,14,0.14248852594816502,0.10284524173838015,-0.05950306479144743,0.34448011668777745,0.7217791120654413,0.2124177883383759,0.08501120648641922,0.40020756807334146,0.14865602437572223,0.08693548237129795,0.5848096821933833,0.5684129387152973,0.11159741133451462,1.8537241220474243
LAMBUSSIE,19,0.5722283362164021,0.028977853368397373,0.5153148359011273,0.629141836531677,0.05064036772453486,0.5616315440015685,0.029011077525670857,0.05165500021414367,0.5626600012651068,0.027661693622801898,0.049162360147524724,0.793290018250526,0.1479833871126175,17.777475357055664
LAWRA,15,0.6584724481005914,0.11295385606173676,0.43662719128139355,0.8803177049197892,0.17153922899516882,0.498168353180552,0.09583136500236922,0.192367428381459,0.5566140024709972,0.09203729977832568,0.16535211002551334,0.8584002124209439,0.14928758144378662,14.614134788513184
MAMPRUGU-MOAGDURI,47,0.10028539464754854,0.03821185060676236,0.025236006278189033,0.17533478301690805,0.381031063806024,0.13791953547266017,0.04357433653957411,0.31594027916525186,0.1603726866443059,0.04338616750226314,0.27053339574269447,0.5826366599487448,0.12126249819993973,40.96196365356445
NABDAM,6,0.39999999999999997,5.551115123125784e-17,0.39999999999999986,0.4000000000000001,1.3877787807814462e-16,0.3960706538023592,0.02357177907786159,0.059514076217381154,0.3974399874813128,0.02348733556848718,0.05909655874672532,0.8333333333333333,0.13148942589759827,17.149383544921875
NADOWLI-KALEO,21,0.1253013153010047,0.08877888680520643,-0.04906347072860012,0.2996661013306095,0.708523183431376,0.2005860567456142,0.08225772428784317,0.41008695032159426,0.2922476264268275,0.08983374873561437,0.3073891474636383,0.6876240427461037,0.1310495138168335,12.678441047668457
NANDOM,10,0.33333333333333337,4.163336342344342e-17,0.3333333333333333,0.3333333333333334,1.2490009027033023e-16,0.3314991382866485,0.021820653577196755,0.06582416379715701,0.3378784146959669,0.021958995618584408,0.06499082114595503,0.7999999999999999,0.1588727831840515,10.053438186645508
NANUMBA NORTH,28,0.19311502524296975,0.028839834318339162,0.13647259908730008,0.24975745139863942,0.14934018874012528,0.19806801110170263,0.028840997976127474,0.1456115897549877,0.20657057050131722,0.029251780771372516,0.14160671919713747,0.6091825827153902,0.24705936014652252,38.59749221801758
NANUMBA SOUTH,49,0.33063064968659317,0.07022077140030303,0.19271464036657565,0.4685466590066107,0.2123843372260428,0.31638865378561887,0.06069808997839715,0.1918466078101696,0.3104049674271103,0.05336371904142779,0.1719164467107271,0.7419305956240159,0.29631420969963074,23.54595184326172
NEW JUABEN NORTH,24,0.048403267207381376,0.031185403612182857,-0.012845937685399947,0.1096524721001627,0.6442830290478235,0.12319469644716179,0.05225349053668964,0.424153734240509,0.08780663171700503,0.037231558430740705,0.4240176135070931,0.20782086946881784,0.18399228155612946,7.9270195960998535
NKORANZA SOUTH,27,0.10612962088860542,0.0718186608134388,-0.0349246981765175,0.24718393995372834,0.6767070325147048,0.1833364587676582,0.07244027859575974,0.3951220563693941,0.14943198232567925,0.06613220264053109,0.4425572197550012,0.46143475844777515,0.2006416618824005,26.609092712402344
NKWANTA NORTH,50,0.2528699017746494,0.056892205416158116,0.14113165430251534,0.3646081492467835,0.2249860699786203,0.25355585448879253,0.04982567206450176,0.1965076774305131,0.25668716148358145,0.05045371920033384,0.1965572368665623,0.6629945242339094,0.3326451778411865,27.795150756835938
NKWANTA SOUTH,62,0.28470901221294076,0.0504656983917136,0.18559264548925175,0.38382537893662977,0.17725360359850179,0.28156477227095117,0.04643670876986092,0.16492371682482582,0.28276641341880593,0.043725070448046216,0.15463318263079895,0.5841944566822942,0.35649043321609497,36.93485641479492
NORTH GONJA,23,0.15589529558857865,0.012279570046385418,0.13177779782842458,0.1800127933487327,0.07876806031910212,0.15832134697459718,0.012705257073933834,0.08024980406446647,0.15978445075739586,0.012893143459644815,0.08069085194792044,0.549579102613913,0.1435263454914093,88.42028045654297
NORTH-EAST GONJA,79,0.16765143395964638,0.049289866081958025,0.07084444231910163,0.2644584256001911,0.2940020548456631,0.18716399980218484,0.04694211732719872,0.2508074062149357,0.22296904366675405,0.04034150246634339,0.18092871460056648,0.7696418140858787,0.18372997641563416,40.9102783203125
NSAWAM-ADOAGYIRI,4,0.6666666666666666,5.551115123125783e-17,0.6666666666666665,0.6666666666666667,8.326672684688674e-17,0.6565903131102255,0.02253597786657378,0.03432273887779782,0.6617942959905603,0.022694558188999153,0.034292465689856694,0.25,0.1524261087179184,5.034768104553223
OBUASI,5,0.19999999999999998,2.775557561562891e-17,0.19999999999999993,0.20000000000000004,1.3877787807814457e-16,0.20136993794245958,0.015469744374325259,0.0768225115048983,0.2009983146232177,0.015267341755357232,0.07595756105705014,0.7999999999999999,0.16233061254024506,7.078205585479736
PRESTEA-HUNI VALLEY,35,0.08959030412706806,0.050157609539472306,-0.008920965498286845,0.18810157375242298,0.559855332875448,0.15392089108327991,0.060354271479936876,0.3921122795948589,0.17579157845805987,0.055533513743529,0.31590542749906597,0.5737073420872674,0.3790431320667267,30.593769073486328
PRU,32,0.22005955375848318,0.06512851113116078,0.09214491868619926,0.34797418883076714,0.29595857129947534,0.23008314063823232,0.05832831921515042,0.2535097489253333,0.25757857742700835,0.05849035741885677,0.22707772518633287,0.7757332976051452,0.18638339638710022,42.01209259033203
PUSIGA,14,0.2278816392048807,0.10195279788407428,0.027642838878611797,0.4281204395311496,0.44739364803503084,0.2432377660428131,0.07862753448492518,0.323253809488966,0.28234702218610075,0.08858999676720844,0.3137628159889604,0.8169116013461808,0.14021117985248566,12.945549011230469
SAVELUGU,34,0.12915739773786863,0.05096385240438548,0.02906263940604982,0.22925215606968746,0.3945871726822737,0.166434659714511,0.05182873144913892,0.31140587866759173,0.1964621968908318,0.05700103353248854,0.29013741286911454,0.35047751450792,0.13440872728824615,35.539676666259766
SAWLA-TUNA-KALBA,70,0.49996198065905684,0.12419085036145687,0.2560468806913901,0.7438770806267236,0.2484005887762641,0.4032137667903737,0.09170497552528872,0.22743513014267966,0.34892327644303184,0.07616717276624062,0.21829203698503133,0.5434881696514244,0.20575688779354095,55.65414047241211
SEFWI-AKONTOMBRA,20,0.12617602670223005,0.03836879506144362,0.05081839402790336,0.20153365937655673,0.30408942224811303,0.15085024498814453,0.03881387029612195,0.2573006778953018,0.16037799798199398,0.04089512261985564,0.2549921007521682,0.8163407346342153,0.3826878070831299,28.884618759155273
SEFWI-WIAWSO,28,0.1545871381185867,0.04890642962493248,0.058533228862729936,0.2506410473744435,0.31636803824788734,0.177094007866412,0.04779460379694182,0.2698826706378169,0.18541368371562458,0.0430344693530399,0.2320997484686371,0.4730587507180662,0.36428025364875793,27.18170928955078
SEKONDI-TAKORADI,16,0.08637665066057022,0.09622851245068098,-0.1026194562654535,0.27537275758659396,1.114057001687008,0.20935649149371807,0.09408526018865367,0.449402163350052,0.2033155482421248,0.10634351158139216,0.5230466262951499,0.17650364437918864,0.24118441343307495,5.446827411651611
SEKYERE SOUTH,6,0.3333333333333333,6.938893903907222e-17,0.3333333333333332,0.3333333333333334,2.0816681711721668e-16,0.3318775547489686,0.022586773139471106,0.06805754958799697,0.3308555363277642,0.021912878856566,0.06623095717176654,0.8333333333333333,0.1751186102628708,10.653952598571777
SENE EAST,18,0.5333333333333333,7.632783294297949e-17,0.5333333333333332,0.5333333333333334,1.4311468676808654e-16,0.5263149418513098,0.024711941508485078,0.04695276448272771,0.5202083839982717,0.025085988797436135,0.04822296135373219,0.888888888888889,0.32483673095703125,119.06301879882813
SENE WEST,27,0.2742705912394957,0.07729511912615389,0.12246031975978791,0.42608086271920353,0.2818206603079039,0.2713853338650282,0.06650000398781776,0.24503904850249247,0.2976340580668102,0.06377256270192241,0.21426500420058556,0.6642098806582944,0.31926143169403076,91.81263732910156
SHAI-OSUDOKU,5,0.8411489044506305,0.1889635745932464,0.4700179471135037,1.2122798617877573,0.22464937372374266,0.3582043323354566,0.12937946758824767,0.3611890083648805,0.38022799339411606,0.1725351489931522,0.45376761309185115,0.10057523494740296,0.16892080008983612,23.238012313842773
SHAMA,11,0.3297055713509254,0.31254092514887283,-0.2841355512422228,0.9435466939440735,0.9479394717786458,0.27407934748684826,0.11561428849639072,0.42182780116965396,0.23607175755801937,0.1185399205895277,0.5021351211840499,0.4521218265250661,0.25945204496383667,9.524925231933594
SISSALA EAST,33,0.32559608254731015,0.07860135239668135,0.17122032401413192,0.4799718410804884,0.24140754944513293,0.3110583140724805,0.06664034706044443,0.21423747267181673,0.3316548718763482,0.06282278499207566,0.1894221684025135,0.5041275721696342,0.15302076935768127,56.8105354309082
SISSALA WEST,23,0.2938554860200204,0.06755968734400414,0.16116593727842202,0.42654503476161876,0.22990786477745492,0.2874382800219217,0.059318941599744726,0.2063710567542386,0.3476218100214566,0.06188501601633662,0.17802397384823707,0.6709879343797778,0.14514856040477753,30.327301025390625
SOUTH DAYI,15,0.23076923076923078,3.469446951953612e-17,0.23076923076923073,0.23076923076923084,1.5034270125132317e-16,0.23157405550372986,0.017657454838301688,0.07624971113405787,0.2315894701599673,0.01746721040267088,0.07542316319738389,0.5333333333333333,0.22926965355873108,21.803089141845703
SUHUM,14,0.05550488143906073,0.03492677974601878,-0.013092514814397944,0.12410227769251941,0.6292560012827914,0.13029071447260257,0.054269610844629314,0.4165270799558098,0.08168636063549801,0.03947005872960115,0.4831903199326627,0.22201952575624292,0.21418994665145874,8.2285919189453125
SUNYANI MUNICIPAL,28,0.09068127220089112,0.06884436930794849,-0.0445314360870839,0.22589398048886614,0.7591905984229449,0.18108300718969433,0.07509389134343965,0.41469319793642867,0.1418719638698513,0.06049948689123568,0.4264372272081603,0.3736878313884759,0.249264657497406,21.143280029296875
SUNYANI WEST,25,0.16663506761620805,0.1166531735332487,-0.06247577590482625,0.39574591113724233,0.7000517670261516,0.2234637470602974,0.08884074068782956,0.3975622079936644,0.15989299846876134,0.05427011981881195,0.33941523605497226,0.7244650033723943,0.23970536887645721,24.35016632080078
TAIN,16,0.10971731080032068,0.09969517619888711,-0.08608744291600162,0.305522064516643,0.9086549375998352,0.20926232725991115,0.08927563335475014,0.4266206656674838,0.15803602218125604,0.06752547231881069,0.42727899238924016,0.7914271056037994,0.2541530430316925,24.121570587158203
TALENSI,34,0.49861456142453353,0.08342745325566209,0.33476017487611737,0.6624689479729498,0.16731852559081153,0.4425485358142503,0.07430774484359254,0.1679086898499683,0.4021667144770253,0.06171155970073703,0.15344770583758105,0.6434032440104349,0.12322644889354706,23.198421478271484
TAMALE,72,0.06757382938555317,0.03620355417649083,-0.0035311957466703375,0.13867885451777667,0.5357629500309317,0.12761199487750455,0.047817106527095296,0.37470699030287236,0.11613407760970591,0.047236505290611595,0.40674112424916525,0.28835049064691787,0.11391894519329071,18.662710189819336
TANO NORTH,46,0.21014720078940577,0.05850535328264165,0.095240675445184,0.32505372613362754,0.27840177296137986,0.22102925105029667,0.0518800916576576,0.2347204789010118,0.18416069392157752,0.04171664739001854,0.22652307884864423,0.6365531134623552,0.25275543332099915,22.21987533569336
TANO SOUTH,33,0.07281968653749893,0.03639714328148693,0.0013344457471947818,0.1443049273278031,0.49982559678753913,0.12871734045930527,0.047351747861248225,0.3678738831324654,0.09818068188231013,0.04337963430292248,0.4418347221800919,0.7507969691083314,0.22042766213417053,17.41842269897461
TARKWA-NSUAEM,30,0.06352152190445089,0.04954983677649134,-0.033796061118318885,0.16083910492722064,0.7800480103581938,0.15964551802310115,0.06843479732749551,0.42866720077661563,0.15434114586279096,0.0654371052895926,0.4239770601921414,0.3337987115937463,0.37750905752182007,31.0101318359375
TATALE-SANGULE,21,0.3684210526315789,2.0816681711721682e-17,0.36842105263157887,0.368421052631579,5.650242178895886e-17,0.365367677940539,0.022981555843797526,0.06289980540516671,0.3674979240679556,0.02345510465714941,0.06382377456045772,0.2857142857142857,0.201480433344841,27.48176383972168
TECHIMAN MUNICIPAL,50,0.07918076452693824,0.05191472682249921,-0.02278154385446851,0.181143072908345,0.6556482137127787,0.15888725843763898,0.06656468027655463,0.4189428462111726,0.13769520955428138,0.05298709992810202,0.38481440349029544,0.537033669031857,0.24200473725795746,10.4613676071167
TECHIMAN NORTH,30,0.1454401720813705,0.12371101470961451,-0.09753251416864686,0.38841285833138783,0.8505972795494287,0.22367100964052689,0.09381897947271493,0.4194507800697829,0.18250042612360584,0.07910368929042466,0.43344386076582897,0.36911823422555945,0.2358473539352417,15.417593955993652
TEMPANE,20,0.41786740195419503,0.03419340521667596,0.3507103784908232,0.48502442541756685,0.08182836243451243,0.4098748955380067,0.03188623861047986,0.07779505150864534,0.41066233043362665,0.03330884853803706,0.08111006554427716,0.9541705294592351,0.14597128331661224,13.196394920349121
TWIFO-ATI-MOKWA,12,0.35787225280073764,0.060398635058988924,0.2392472569540542,0.4764972486474211,0.16877149481778553,0.3430700126447184,0.054114697314770144,0.15773659987826175,0.31294340834521484,0.046963803418126386,0.15007123385810245,0.44390514789024665,0.26720014214515686,29.196889877319336
UPPER DENKYIRA EAST,9,0.09568446967388648,0.08352684530572076,-0.0683651262780847,0.25973406562585766,0.8729404634879457,0.19714237681932226,0.08397907282807987,0.4259818420726727,0.22435211458805124,0.07833152876636482,0.3491454890460688,0.19136893934777296,0.2807435393333435,17.02033233642578
UPPER DENKYIRA WEST,12,0.09752052277511142,0.05721767868388106,-0.014856965385063564,0.2098980109352864,0.5867244868634338,0.16553670316397606,0.06406387177930305,0.3870070537519595,0.18279598125539034,0.06289366033050725,0.34406478686550784,0.34537390831621756,0.3010220527648926,14.594624519348145
WA EAST,50,0.2904799453271657,0.08671014913304156,0.1201782312118311,0.46078165944250027,0.2985064908194625,0.2813670148754639,0.07083261728477012,0.251744566846691,0.28964871694050554,0.05647792559613716,0.19498766019991673,0.5977302004271501,0.11999773234128952,37.9168586730957
WA MUNICIPAL,75,0.13770470886238115,0.04439492173723841,0.05051155621000229,0.22489786151476,0.32239218327388974,0.16353773300423727,0.04426778905333781,0.2706885330995192,0.2080607360412735,0.05105187555012067,0.2453700612690007,0.3504795377465381,0.12325353920459747,9.635187149047852
WA WEST,45,0.27333255728546696,0.0714397667234777,0.1330223992399444,0.4136427153309895,0.26136574227733295,0.27147236629161725,0.06232417347714301,0.2295783336201299,0.27793814632753844,0.05988064165524422,0.21544592725561823,0.4443728316791354,0.17658832669258118,19.69058609008789
WASSA AMENFI EAST,23,0.3382250234388863,0.14050266060795055,0.062272967323909634,0.6141770795538629,0.4154117846734008,0.2974901141649786,0.09443371291047573,0.3174347933394041,0.25274962753339464,0.06870098444632407,0.27181438452267126,0.6920594804344122,0.34075698256492615,32.98992156982422
WASSA AMENFI WEST,11,0.4434586981020722,0.05283472025732974,0.33968949098397777,0.5472279052201666,0.11914236992859392,0.4224447514713602,0.04888803224378289,0.11572645197628233,0.3932251440745025,0.04487814758773286,0.11412837725155749,0.16518804715310825,0.38454723358154297,23.842031478881836
WASSA EAST,9,0.2054574168116206,0.08161821229406502,0.04515644171605415,0.36575839190718706,0.39725123366511983,0.22633116152216837,0.06940584365741125,0.30665615459501444,0.20986342851994425,0.06162443307052481,0.293640647658953,0.5136435420290515,0.3199276626110077,49.820980072021484
WASSA-AMENFI CENTRAL,23,0.36168090486645466,0.2022491532968396,-0.03554338582158828,0.7589051955544976,0.5591922343025466,0.2930741233302768,0.10557510259839047,0.36023345015490743,0.26491385048623955,0.07228234964089238,0.27285228578355114,0.5848205258217664,0.38429826498031616,30.000991821289063
WENCHI,35,0.2642691056459062,0.16425563507415636,-0.058334608981685965,0.5868728202734984,0.6215468685705632,0.2612571603353337,0.09690695539935579,0.3709255481264971,0.19122927447841043,0.0667215647423663,0.3489087375578528,0.639013413901624,0.2321348786354065,25.570858001708984
WEST AKIM,8,0.12333845055771378,0.02383209623247085,0.07653139417583502,0.17014550693959254,0.19322519558747897,0.13446160152123918,0.02410146437806341,0.17924421623266484,0.12690054772185,0.023796178426150078,0.18751832717308914,0.8766615494422862,0.21096986532211304,19.33686065673828
WEST GONJA,41,0.12889600251589828,0.07947982169510083,-0.027205099922397558,0.2849971049541941,0.6166197565769942,0.19305416180321391,0.07269746546310074,0.37656512961996397,0.2067117555133841,0.0687021032527726,0.3323570209258094,0.7480536950223345,0.1542409062385559,73.8771743774414
WEST MAMPRUSI,129,0.20081696925626805,0.04141995305975834,0.11946675737010713,0.28216718114242895,0.206257236194523,0.20894272548035392,0.04040760437287065,0.19339081693308352,0.22961435929394727,0.03876768037860612,0.1688382229134746,0.5380092177599956,0.11227692663669586,31.255874633789063
YENDI,51,0.1781846179158199,0.06419680073335139,0.05209989409835994,0.3042693417332799,0.3602825063366581,0.20399617366834125,0.06036472433295591,0.2959110617000954,0.23523009135141018,0.06243955073884705,0.26544032007184243,0.5729823258984387,0.22819842398166656,24.934383392333984
YILO-KROBO,6,0.16666666666666669,2.0816681711721682e-17,0.16666666666666666,0.1666666666666667,1.2490009027033009e-16,0.1687361691096832,0.013923994460241635,0.08251932311673292,0.16648695619607942,0.01373473083702976,0.0824973388356847,0.6666666666666667,0.1933773159980774,11.77130126953125
YUNYOO-NASUAN,35,0.3048091941451623,0.011256670952300572,0.282700705374514,0.3269176829158105,0.03693022116301287,0.30380277606130257,0.02079298810240871,0.06844239006628766,0.3055958016309138,0.020359112375825075,0.0666210473677056,0.6715804616974337,0.14817042648792267,25.08427619934082
ZABZUGU,19,0.47058823529411764,4.8572257327350586e-17,0.47058823529411753,0.47058823529411775,1.0321604682062e-16,0.46494534403529136,0.024305512366030454,0.05227606358003568,0.46207855023050354,0.024293440710854836,0.05257426621239242,0.8421052631578947,0.23814047873020172,19.06474494934082
