"district_id","district_name","elevation_std","rainfall_std","travel_time_std","poverty_std","literacy_rate_std","pop_density_std","observed","y_i","psi_i"
1,"Ablekuma Central",-1.58499775840535,-1.50083514035278,-0.83808707026005,-1.34975522616368,1.14395951577988,2.50656555716929,0,NA,NA
2,"Ablekuma North",-1.47517919817181,-1.40465949756705,-0.854607503198261,-1.43139594917417,1.43631369363319,2.00508169885525,0,NA,NA
3,"Ablekuma West",-1.63212884015034,-1.6388564803154,-0.777329099265657,-1.38686464571391,1.37141156255263,2.50110746343951,0,NA,NA
4,"Abuakwa North",0.695857167434871,0.984449930381385,-1.15370632812328,-0.882176539830861,0.977193019721503,0.485146268681178,0,NA,NA
5,"Abuakwa South",1.19369725248426,1.293923766664,-0.81747914198344,-0.481394808688443,0.665282105312494,0.0884229625377082,0,NA,NA
6,"Abura-Asebu-Kwamankese",-0.977409562431757,0.422025282753229,-0.25355602248246,0.0307151811046473,0.16778394839357,0.25132558782031,0,NA,NA
7,"Accra",-1.63233354230528,-1.64635761548284,-0.834440647155035,-1.22358319969292,0.881265551447563,3.40939714727673,0,NA,NA
8,"Achiase",0.00514646098297435,1.577094237457,-0.927224524324138,0.171730975395498,0.246455008977875,-0.306004957027738,0,NA,NA
9,"Ada East",-1.76551245259659,-1.14610286063336,0.115334259689325,0.0455589489247364,0.00508536165414951,0.110176453599556,0,NA,NA
10,"Ada West",-1.62795687896319,-0.939083871108961,-0.0538204500406712,0.928763134220066,-0.304253540086793,0.0379183837408877,0,NA,NA
11,"Adaklu",-1.08480805309384,-0.341263693021993,-0.433063214786217,0.416653144426976,0.0649046878002753,-0.955689567428523,0,NA,NA
12,"Adansi Akrofuom",-0.113070936528337,0.849627633228587,-0.3424730731327,0.698684733008677,-0.0356933475337018,-0.587990058850564,0,NA,NA
13,"Adansi Asokwa",0.18912400929097,0.839593474309056,-0.56213030818903,0.357278073146618,0.0831875027181209,-0.381344644973423,0,NA,NA
14,"Adansi North",1.0160487845338,0.686585148766805,-1.06151505040983,-0.58530118342907,0.734055258807138,-0.0329609079560403,0,NA,NA
15,"Adansi South",-0.43088768782618,1.06086974293312,-0.340909653017087,0.550247054807782,0.152385400009605,-0.427152126042816,0,NA,NA
16,"Adenta",-1.27655370766315,-1.30813400371657,-0.927079021997067,-1.43139594917417,1.43569267687426,1.71703236543062,0,NA,NA
17,"Afadzato South",0.340069884588888,0.625682192730556,-0.883800387287097,0.364699957056662,0.665694410163849,-0.322933288033761,0,NA,NA
18,"Afigya-Kwabre North",1.41990109627696,0.270392585184027,-0.336933049468915,-0.177097568376607,0.318189998211964,0.36099201326901,1,-0.693147180559945,0.1
19,"Afigya-Kwabre South",1.17130918622458,0.500726487566908,-0.482484213512133,-1.08256740540207,1.01230493495252,0.978629510635969,1,-2.21929296843356,0.491982898451404
20,"Agona East",-0.803526429003656,0.219374336547338,-1.12206729565867,-0.125144381006293,0.446849692648412,0.193537693252634,1,-2.50396856035503,0.489206057748753
21,"Agona West",-0.638806643824088,0.760306353877226,-0.997362272840891,-0.488816692598488,0.657934823518268,0.344656914968116,1,-2.84685548448271,0.691556781404302
22,"Agotime Ziope",-1.0168111368945,-0.421259573216069,-0.371177746737104,-0.139988148826383,-0.0154104419905876,-0.356712207610421,0,NA,NA
23,"Ahafo-Ano North",0.634430966140022,0.237059364480697,-0.386291090967576,-0.0806130775460246,0.273945690348007,-0.218547813128524,0,NA,NA
24,"Ahafo-Ano South East",1.12463190996048,0.365392434019131,-0.0294961343440544,0.312746769686349,-0.214472589143863,-0.547648645188865,0,NA,NA
25,"Ahafo-Ano South West",1.70142871684564,0.383517889344684,0.235833649484237,0.320168653596394,-0.143827770518923,-0.332247090729423,0,NA,NA
26,"Ahanta West",-1.42590406247589,1.51964563422464,0.640776127698894,-0.0286598901757111,0.290564948926813,0.139235149748156,1,-2.08689833670586,0.450206434041837
27,"Ajumako-Enyan-Essiam",-1.12461545179059,0.511665277411859,-0.544755705976591,0.149465323665364,0.333500766198031,0.027670243017854,1,-2.18680242357074,0.779089212170825
28,"Akatsi North",-1.15180966703762,-0.851020470649895,0.788473995173981,0.869388062939708,-0.363778698678895,-0.47198132801352,0,NA,NA
29,"Akatsi South",-1.49002180185483,-0.95803526932039,0.461056919200435,0.186574743215587,0.0448604751620328,-0.158238623604371,1,0.0710091474970893,0.241624286019968
30,"Akwapem North",0.858097153622132,-0.128103063626715,-1.129307854546,-0.555613647788891,0.98040391467195,0.275943397956619,0,NA,NA
31,"Akwapem South",0.42893263524258,-0.346021214620967,-1.02788235472092,-0.607566835159204,0.936828968467942,0.275021204917657,0,NA,NA
32,"Akyemansa",-0.34716625534283,1.31137103173782,-0.60440523695217,-0.295847710937323,0.120273731882963,-0.249293027954629,0,NA,NA
33,"Amansie Central",0.0376568420242506,0.653423459302325,-0.509256323191201,0.075246484564916,0.0119694568965873,-0.441634951755419,1,-0.693147180559945,0.1
34,"Amansie South",0.0811992886243818,0.743843539827543,0.20652477759938,0.201418511035677,-0.0513291060441555,-0.09310789161119,0,NA,NA
35,"Amansie West",0.656682248810788,0.603883866892399,-0.132661477915714,0.25337169840599,0.138554343416705,-0.141919212841585,1,-1.38629436111989,0.1
36,"Anloga",-1.81740795243626,-1.38103804052283,0.83491838044197,0.297903001866259,-0.0399387947509596,0.374390949863469,0,NA,NA
37,"Aowin",-0.389370000464511,2.21376430069066,2.01746977863561,0.706106616918722,-0.592838728273641,-0.920309247072284,0,NA,NA
38,"Asante-Akim Central",0.60772689227904,0.496349952645243,-0.125390926688634,-0.793113932910324,0.789165339057709,0.201804038645729,0,NA,NA
39,"Asante-Akim North",0.449913032125184,0.252744353883692,0.639555840396921,-0.117722497096249,0.363523844972011,-0.673675598385655,0,NA,NA
40,"Asante-Akim South",0.535021065033281,0.759962163832941,0.0427381004570261,-0.221628871836876,0.241140337645116,-0.455228824046218,0,NA,NA
41,"Asene-Manso-Akroso",-0.086602736138946,1.48426935268463,-0.979259840451967,-0.139988148826383,0.347077542835543,-0.112642241025166,1,-2.10792483879149,0.726963380564415
42,"Ashaiman",-1.48151677606579,-1.27084542801418,-0.762610909840991,-1.49077102045453,1.16925632473979,2.46408054673503,0,NA,NA
43,"Asikuma-Odoben-Brakwa",-0.540700960246487,1.15383898474181,-0.412900764633819,0.104934020205095,0.261188446071539,-0.186914579274343,0,NA,NA
44,"Asokore-Mampong",1.10462002647996,0.619205418781527,-0.701374442685993,-1.20873943187283,0.660197769983842,2.25201615637062,0,NA,NA
45,"Asokwa",0.817570858991994,0.721449109403931,-0.713283391449979,-1.57983362737507,1.20665352821199,1.91863327289444,0,NA,NA
46,"Assin Central",-0.140504523234312,1.37502920556496,-0.310950930951651,-0.704051325989786,0.939122277437829,0.228089592393846,0,NA,NA
47,"Assin North",-0.525659621201667,1.24648271685929,-0.241377780248723,0.320168653596394,0.125397217198931,-0.433609077580986,1,-1.79175946922805,0.1
48,"Assin South",-0.398153942970044,1.0897284940752,0.320284347419186,-0.0138161223556219,0.229785194397216,-0.522662327907382,1,-1.76229239525116,0.23359758225715
49,"Asunafo North",0.667372931501537,0.299323230271552,0.25609993128984,-0.102878729276159,0.199159973679802,-0.455096269421887,1,-1.95610724143546,0.323542840855325
50,"Asunafo South",0.477905768905112,0.774606091572381,0.00584336044092107,-0.110300613186204,0.0293607298536257,-0.502965431591865,1,-1.55024580738135,0.456047430685832
51,"Asuogyaman",-0.524962864364304,-0.0277620406783725,-0.0150889092056944,-0.429441621318129,0.719119825657025,-0.323405672647075,0,NA,NA
52,"Asutifi North",0.941209561466428,-0.0326910911974428,-0.0529523197754694,-0.325535246577502,0.251374610715304,-0.64986459188084,1,-3.31058363543384,0.935306533658175
53,"Asutifi South",0.34684470496901,0.276911816351779,-0.387239059065655,-0.0731911936359798,-0.00327169630677693,-0.423199467825551,1,-1.73777079236633,0.420480249190978
54,"Atebubu-Amantin",-0.371926553953103,-0.116743658656898,1.47117091379102,0.0900902523850056,-0.83236955614781,-0.87140500873278,1,-1.47591403723508,0.199131559949861
55,"Atiwa East",0.748212361748788,1.22117852003256,-0.128228991732648,-0.681785674259652,0.59602398288786,-0.430501349991516,0,NA,NA
56,"Atiwa West",1.83523302391126,1.52919351279051,0.0680051820525045,-0.644676254709428,0.573806305349286,-0.470863830702835,0,NA,NA
57,"Atwima-Kwanwoma",0.734910939583098,0.569335225095186,-0.566661423706769,-1.02319233412171,1.01014886644947,0.903512501541691,1,-1.71807771015048,0.653038443799721
58,"Atwima-Mponua",0.865075091634769,0.688756150115218,0.441581796345093,-0.184519452286652,-0.00984676840618663,-0.619794533161053,0,NA,NA
59,"Atwima-Nwabiagya North",0.842892447660243,0.481400898221481,-0.276737446826579,-1.04545798585185,0.872297665066325,0.747406890800575,1,-2.19722457733622,0.1
60,"Atwima-Nwabiagya South",0.570788739023906,0.565080402113524,-0.325776561663058,-1.11967682495229,0.998469465767158,0.434108911724877,0,NA,NA
61,"Awutu Senya East",-1.36101107206709,-1.05526754157596,-0.841888019959161,-1.26069261924315,1.22559355872211,1.43849926978886,0,NA,NA
62,"Awutu Senya West",-0.760618931494035,-0.284527813715429,-0.952326197217992,-0.377488433947816,0.245773506687588,0.686063229298195,1,-0.133669959754023,0.605979539821889
63,"Ayawaso Central",-1.52328297007409,-1.53279301613408,-0.869876754224223,-1.14194247668243,1.32079329365266,3.52618659448624,0,NA,NA
64,"Ayawaso East",-1.32661995782862,-1.55352339002671,-0.905348745781288,-0.904442191560995,0.71005419676704,2.29418554844421,0,NA,NA
65,"Ayawaso North",-1.54938345157353,-1.5046611410342,-0.898572615883218,-1.01577045021167,1.00567416390912,2.54908963140536,1,-2.20886510836943,0.960660768137857
66,"Ayawaso West",-1.18862930724348,-1.48952215705508,-0.939284867719457,-1.35717711007373,1.55601207289767,1.47178187003784,0,NA,NA
67,"Ayensuano",-0.00900989976369124,0.598213222692385,-0.644763261462185,0.11235590411514,0.1337496051274,-0.0973643303581146,1,-1.49923784173279,1.098419270183
68,"Banda",0.513306711444368,-0.760484334567632,1.75021836611707,0.602200242178096,-0.782221191904889,-1.81579473275887,0,NA,NA
69,"Bawku",0.517530048777956,-1.49099430542706,-1.10591335233387,-0.295847710937323,-0.822040131500469,0.490196085220428,1,-2.55653255183873,0.561490751424094
70,"Bawku West",0.376052856936062,-1.27213698983332,-0.228257833824223,1.48540442747342,-1.49706914865473,-0.312048124092742,1,-2.13823268331781,0.228326954824953
71,"Bekwai",0.648954222939247,0.525829150615849,-0.777698030767217,-0.607566835159204,0.743798946470481,0.0955463781499264,0,NA,NA
72,"Berekum East",1.29269367540166,-0.459468064744049,-0.377502665478624,-1.11225494104225,0.958816153852944,0.0246888437783575,0,NA,NA
73,"Berekum West",1.55362046943192,-0.399964512532037,-0.398044026838726,-0.948973495021264,0.442351392073343,-0.367272217923213,0,NA,NA
74,"Bia East",0.565290730074785,0.210091961290511,1.30496043648301,0.735794152558901,-0.477765180882206,-0.742578869352763,0,NA,NA
75,"Bia West",0.290697922242932,0.536339966444096,1.51739277233333,0.42407502833702,-0.499453635611657,-0.564000840776543,1,-3.15827677910082,0.946575593310655
76,"Biakoye",0.107088586797017,0.847569284593288,-0.127161266932274,0.490871983527424,-0.133493164907447,-0.769379327619886,1,-2.79926259635083,1.02600537569973
77,"Bibiani-Anhwiaso-Bekwai-",0.231240186579559,1.05012116439026,0.532316219401375,-0.644676254709428,0.359569951319883,-0.0588790699878772,1,-2.81886436346632,0.715035065746892
78,"Binduri",0.344246639785701,-1.42008464613069,-0.830258291275581,1.9455612298962,-1.50522499574983,-0.0772740196882767,1,-1.12189714081189,0.4842304553559
79,"Birim Central",-0.426441809683682,1.37861319892579,-1.2146181090384,-1.16420812841256,1.0607362201774,0.737831651433551,0,NA,NA
80,"Birim North",0.158579624863318,1.07733765248091,-0.0465367341333151,-0.689207558169697,0.518998517667121,-0.261406122368069,0,NA,NA
81,"Birim South",-0.324437300490565,1.40936386209289,-0.94342242092396,-0.199363220106741,0.594248679715315,-0.414387101910844,0,NA,NA
82,"Bodi",0.0643681585398565,1.40535019858304,0.554199641992053,-0.132566264916338,-0.306965137787821,-0.502888066718807,0,NA,NA
83,"Bole",0.41749334633961,-0.854730137360756,1.2108823795057,0.713528500828767,-1.34240490854981,-1.54849751615662,1,-1.6690053207872,0.397764758208843
84,"Bolga East",0.358511637317781,-1.11399015615971,-1.30858993233017,-0.199363220106741,-0.16635176639248,0.560520082734648,0,NA,NA
85,"Bolgatanga",0.0816771258790161,-1.1477867312432,-1.09717859443071,-0.548191763878846,0.0656916823946275,0.428647240430659,1,-2.74300379940947,0.601598402751675
86,"Bongo",0.612818665288923,-1.26084778282158,-0.879739752296475,1.96040499771629,-0.991150721588437,0.149242647329961,1,-1.83931265005525,1.10203346877879
87,"Bosome Freho",0.899146385761026,0.829786322455103,-0.267030355422892,0.275637350136125,0.0472613647715749,-0.442060045258546,1,-1.25276296849537,0.1
88,"Bosomtwe",0.542850814440255,0.426359360021404,-0.471038207394768,-0.852489004190682,0.992983450954154,0.357055822505562,1,-2.40149177471639,0.901800298397934
89,"Builsa North",0.146254946159219,-1.14754104295501,-0.184526660866066,0.899075598579887,-0.648788916074523,-0.728934557438559,0,NA,NA
90,"Builsa South",0.0636579044049106,-1.09365152473836,0.357059860826852,2.04204572072678,-1.40472158138051,-1.26570843155361,0,NA,NA
91,"Bunkpurugu Nakpanduri",1.20178410895004,-0.833710766199549,-0.185962998686528,0.795169223839259,-0.607345736915263,-0.455446749319789,1,-2.76331472113125,0.361249269959936
92,"Cape Coast",-1.38211561939727,0.42181016397555,-0.376744949237613,-1.08998928931212,1.21215424826224,1.2222801533152,0,NA,NA
93,"Central Gonja",-0.393878756261598,-0.684018102517611,0.826177623562782,2.53931194269978,-2.14994076299556,-1.54456137535862,1,-2.75834647525825,0.344489167810755
94,"Central Tongu",-1.42852294973639,-0.702623046276568,0.0924876870722412,0.624465893908229,-0.337646359278516,-0.373033650803794,0,NA,NA
95,"Chereponi",-0.134449010054586,-0.650625441099396,0.471111177776339,1.9455612298962,-2.07384408278962,-0.78432439204803,1,-1.6137087570832,0.268528544561978
96,"Daffiama-Bussie-Issa",1.22622113082311,-1.27617641098628,2.36366063603274,0.824856759479439,-1.73137349660508,-1.32924567841518,1,0.693147180559945,0.1
97,"Denkyembour",-0.0971931767049716,1.65014178113206,-0.643727599157844,-0.704051325989786,0.638298066897001,-0.14198909206291,0,NA,NA
98,"Dormaa",1.09244052602546,-0.21910962659674,0.648936998094583,-0.874754655920816,0.474902844055337,-0.542904669342522,1,-2.52095865604886,0.887511612872305
99,"Dormaa East",1.21416705647541,-0.263731488934383,-0.373784897883315,-0.600144951249159,0.32864753828514,-0.38856890394956,0,NA,NA
100,"Dormaa West",0.617970682536617,0.0127368997298375,0.653987590362676,-0.325535246577502,-0.0722417869829333,-0.354262319622582,0,NA,NA
101,"East Gonja",-0.544763482217424,-0.408716450171273,2.50204125858688,0.832278643389484,-1.55621214005834,-0.906121421256166,1,-0.60396652492358,0.461892797746074
102,"East Mamprusi",0.941191126133145,-0.876224465965164,-0.0374858630022473,2.0123581850866,-1.70578771637083,-0.437904152500301,1,-2.08651544104983,0.322303974306326
103,"Effia Kwesimintsim",-1.50907169425541,1.62528367416721,0.322040566712031,-1.35717711007373,1.31914324237307,1.26421153798462,0,NA,NA
104,"Effutu",-1.62567155604092,-0.859222723201957,-1.04004071708715,-0.436863505228174,0.746195042419468,1.10005680348616,0,NA,NA
105,"Ejisu",0.791220019082537,0.468561135385553,-0.412501256990001,-1.04545798585185,0.933294801874814,0.430307144705624,1,-1.35046799209672,0.681314448599982
106,"Ejura-Sekyedumase",0.521606891052425,-0.059895125043075,0.596484603567969,-0.191941336196696,-0.47823781347452,-0.481878271600152,1,-2.07944154167984,0.1
107,"Ekumfi",-1.54224319597641,-0.0987755797002776,-0.7368790276706,0.290481117956214,-0.193961572610304,-0.0480096818201966,1,-1.86817034509641,0.75912475328793
108,"Ellembelle",-1.18910150690735,2.51482699276604,2.40197345313187,0.42407502833702,0.195919064894354,-0.376802109916409,0,NA,NA
109,"Fanteakwa North",2.28997409826982,0.984799781446136,0.132159021294758,0.0975121362950499,0.0688452193058917,-0.739820572847634,0,NA,NA
110,"Fanteakwa South",1.91027569435289,1.10155493192909,-0.703922670963525,-0.436863505228174,0.753037980116403,-0.0376911946590834,0,NA,NA
111,"Ga Central",-1.33075050124133,-1.19523230986428,-0.741025764366625,-1.43139594917417,1.4399957849315,2.14823977710551,0,NA,NA
112,"Ga East",-0.902922832812816,-1.13144676177238,-0.901533410408833,-1.29780203879337,1.46424021386224,1.69746596548907,0,NA,NA
113,"Ga North",-0.644441847865092,-0.86827299661971,-0.796290849992176,-1.26811450315319,1.37761241560426,1.34476327072869,0,NA,NA
114,"Ga South",-1.21299830767477,-0.627761145542404,-0.682578419163091,-0.874754655920816,0.971335888650316,1.37045315571521,0,NA,NA
115,"Ga West",-1.35282450843044,-0.810524360751917,-0.630281294357995,-1.26811450315319,1.15716967784649,1.3145147851518,0,NA,NA
116,"Garu",0.442807857156688,-1.2013179068644,-0.522621940819526,1.27016979408213,-1.43578820075815,-0.460204786959217,1,-1.16898230806583,0.535469451181069
117,"Gomoa Central",-1.54812867612684,-0.152993436089455,-0.987217559699015,-0.652098138619473,0.526879769987141,0.70430194313504,0,NA,NA
118,"Gomoa East",-1.2793539442581,-0.603752757749391,-1.03634511192218,-0.978661030661443,0.985431281002923,0.595796333367856,1,-2.70982955726408,0.596999351922281
119,"Gomoa West",-1.21279012831969,0.335303546318252,-0.934792715594782,0.0529808328347816,-0.060532703317841,0.346116972405395,1,-2.56674207130475,0.545487068033915
120,"Gushegu",0.181460013282348,-0.567560155609076,-0.525365941655335,1.77485789996517,-2.49961895075969,-0.845091166257058,1,-2.10352567969994,0.18567010021936
121,"Ho Municipal",0.0505949893635622,0.273971482322141,-0.980489842059965,-1.11967682495229,1.22691033483435,0.219850663885039,0,NA,NA
122,"Ho West",0.0401064369341603,0.252705292842482,-0.314423664294938,0.0232932971946021,0.70289413065754,-0.615917723234766,0,NA,NA
123,"Hohoe",1.19510887228989,1.19852028706972,-0.919398134104616,-0.652098138619473,0.870130843148573,-0.175330878255584,1,-3.5735230164687,0.736438726151475
124,"Jaman North",1.4895329960968,-0.644290193096764,0.710843593442556,-0.971239146751399,0.185118683809874,-0.421586269805927,1,-2.39859971771454,0.85551450293035
125,"Jaman South",1.31154940012346,-0.523605728308894,0.0860258124737918,-0.889598423740906,0.199302587159507,-0.263598477328592,1,-1.25458601164827,0.895698263293927
126,"Jasikan",1.04889264758606,1.34448290654096,-0.712510015527652,0.193996627125632,0.341759939212909,-0.453572453749475,0,NA,NA
127,"Jirapa",1.29267359405648,-1.46143896673119,2.23844009124117,1.67095152522454,-1.25178609794427,-0.663911984273047,1,-3.29683661905787,0.70541207852289
128,"Jomoro",-1.22238625424709,2.99740068072989,2.16848219018305,0.26821546622608,0.0405862393300349,-0.603018327981741,1,-1.10365041201362,0.489946655890613
129,"Juaben",1.16603602250103,0.36918871434311,-0.130101889665008,-0.496238576508533,0.474968934702616,0.328332216004437,0,NA,NA
130,"Juaboso",0.451828331572282,1.00182303449297,1.03091304077551,-0.22905075574692,-0.240926725848423,-0.770177513807141,1,-2.44577348258537,0.770247929358106
131,"Kadjebi",0.838989424242438,1.00135203990901,-0.540332456467099,-0.0286598901757111,0.0319047436199461,-0.454718946852872,1,-2.05156570903886,0.459393484493353
132,"Karaga",-0.188958010939944,-0.745481500014684,-0.202791794650538,1.70063906086472,-2.5135218985392,-1.12922744087529,0,NA,NA
133,"Kasena Nankana East",0.0128840337235359,-1.18379506734128,-0.569953566472289,0.461184447887244,-0.180962773073932,-0.332853377571543,0,NA,NA
134,"Kasena Nankana West",0.740233483663654,-1.20894981160459,-0.166918065843977,1.93071746207611,-0.754279498229073,-0.474290046304459,0,NA,NA
135,"Keta Municipal",-1.78919533611432,-1.30925856543198,0.781417689689526,-0.177097568376607,0.32418184958492,-0.232883524508309,0,NA,NA
136,"Ketu North",-1.47061838724838,-0.994671129363132,0.556520672181345,-0.0286598901757111,-0.116727521329827,0.128478591982172,1,-1.51150356188281,0.603693480191264
137,"Ketu South",-1.6908923291445,-1.17035155881758,0.220843034688346,-0.147410032736428,-0.0416247572397073,0.887698660870008,0,NA,NA
138,"Kintampo North",-0.362211133313236,-0.614645124907774,0.603333033418418,0.038137065014692,-0.780960455230943,-1.28237376852435,0,NA,NA
139,"Kintampo South",1.23787917470762,-0.303967757993007,-0.50102400218178,-0.117722497096249,-0.764897708646646,-0.836245217164719,1,-2.29565473398874,0.395739368879298
140,"Komenda-Edina-Eguafo-Abirem-",-1.41005342053003,0.848723002013322,-0.0799123456303233,-0.184519452286652,0.227020022530917,0.317094715783236,0,NA,NA
141,"Korle-Klottey",-1.52940166953564,-1.58856737111463,-0.860024266603856,-1.26069261924315,1.30334222595958,2.16381600427901,0,NA,NA
142,"Kpandai",-0.268030118209928,0.143504208068318,0.685960519083134,1.55962326657387,-1.55535412169748,-0.430779361710671,1,-2.72535804912939,0.1
143,"Kpando",-0.624655303413718,0.282583590582055,-0.464509022708494,-0.310691478757413,0.712243601291278,-0.107538571217384,1,-0.916220746067332,0.282763529802074
144,"Kpone-Katamanso",-1.23827187394583,-1.15429124375774,-0.774935397538327,-1.26811450315319,1.28769268429253,1.28735430197402,0,NA,NA
145,"Krachi East",-0.501056187525486,0.485029610020935,1.21072525185589,1.01040385723056,-1.03755693286516,-1.07332666968822,1,-1.59581774320691,0.613264776403985
146,"Krachi Nchumuru",-0.528103125867546,0.183031153146636,1.33582158126162,1.45571689183325,-1.29612703638388,-0.750977542229572,1,-1.98870812006181,0.400887854846748
147,"Krachi West",-0.703929540945049,0.269652123707176,2.1301443176373,0.728372268648857,-0.761241447633214,-0.760900960976934,0,NA,NA
148,"Krowor",-1.5343744772377,-1.55161534286152,-0.798877139197382,-1.12709870886234,1.4398040435043,2.23576434160599,0,NA,NA
149,"Kumasi",1.04491522443037,0.821361591798757,-0.788033685827312,-1.38686464571391,1.20773518790793,2.84352122515428,0,NA,NA
150,"Kumbungu",-0.435498331759891,-0.888789666989774,0.378846883481025,1.29243544581226,-1.68013301637023,-0.707010703837971,1,-1.84190574138231,0.373553376348119
151,"Kwabre East",1.49285201432385,0.508283383785935,-0.460412025407021,-1.26069261924315,1.05118915456555,1.49966250618266,0,NA,NA
152,"Kwadaso",0.838692483695638,0.7066506378347,-0.763031969501235,-1.34233334225364,1.35527453412184,1.49922459408816,0,NA,NA
153,"Kwaebibirem",0.136040783913584,1.52340511936482,-0.118786681663772,-0.592723067339115,0.594972994789633,-0.238254684987391,0,NA,NA
154,"Kwahu Afram Plains North",-0.759365658033207,0.228104762308806,1.83967644569459,1.55220138266383,-0.870252120206421,-1.28816187213768,0,NA,NA
155,"Kwahu Afram Plains South",-0.537025580274483,0.340661700014755,1.75200537463167,0.854544295119618,-0.766884110276883,-1.3967909285731,1,-1.94591014905531,0.1
156,"Kwahu East",1.09058481220916,0.562047792435848,-0.0127009934239568,0.134621555845274,0.374175711707579,-0.340167524275647,0,NA,NA
157,"Kwahu South",1.842132776898,0.837412849225852,0.144236935365955,0.0900902523850056,0.37131583724023,-0.496644962492611,0,NA,NA
158,"Kwahu West",0.869696763848211,1.03269880780649,-0.43928929174262,-0.92670784329113,0.824611547638662,0.310037348174551,0,NA,NA
159,"La-Dade-Kotopon",-1.4516089661654,-1.64185710421299,-0.876684999682967,-1.38686464571391,1.54155333181676,1.79963100281959,0,NA,NA
160,"La-Nkwantanang-Madina",-0.939338459387963,-1.11809807551538,-0.990410966846748,-1.20873943187283,1.40030605866045,1.65959596328422,1,-1.79477308296422,0.841713649212128
161,"Lambussie-Karni",1.42070994652473,-1.45835795612561,2.00382727660816,1.2330603745319,-1.37732046092822,-0.788554470463022,1,-1.18327083913332,0.228193072133982
162,"Lawra",1.04909741146645,-1.50258128211528,1.96636443520413,0.884231830759797,-1.05041441313419,-0.43367641719433,1,-0.504309485741254,0.499624600505106
163,"Ledzokuku",-1.50248964244395,-1.58542720306257,-0.825361853972033,-1.20873943187283,1.35251334881349,2.20563674923138,0,NA,NA
164,"Lower Manya-Krobo",-0.208710976748553,-0.0744179069445598,-0.485824450078574,-0.577879299519025,0.653662261924105,0.372101963301706,0,NA,NA
165,"Mampong",1.3252392810976,0.0480469487796235,0.548455777052838,-0.377488433947816,0.566681335435253,-0.151025397163092,0,NA,NA
166,"Mamprugu Moagduri",-0.136220283460415,-1.04363103095866,1.08666915030672,1.25532602626204,-2.2662487006751,-1.20593175727059,1,-2.29330102197875,0.103282596895648
167,"Mfantseman",-1.33224915392619,0.0407991455822972,-0.5128615534157,-0.266160175297144,0.399508185088869,0.584452329717311,0,NA,NA
168,"Mion",0.146946271258443,-0.302440980773536,-0.581887836144707,1.91587369425602,-2.33720627998407,-1.15800227166929,1,-2.39789527279837,0.1
169,"Mpohor",-1.14262994098048,1.90325676395508,0.807346936928158,0.28305923404617,0.223637668489926,-0.5038687042678,0,NA,NA
170,"Nabdam",0.638262223438978,-1.19126365146714,-0.772622754568179,3.04400004858283,-1.05106825919852,-0.0136891978715341,1,-1.6094379124341,0.1
171,"Nadowli-Kaleo",1.25913675965712,-1.35148072046981,2.03957594028663,0.96587255377029,-0.968998429429911,-0.73961763148416,0,NA,NA
172,"Nandom",1.05824331198884,-1.45876328545178,1.6246969430661,0.312746769686349,-0.905057940240294,-0.34874400944741,1,-2.19722457733622,0.1
173,"Nanton",-0.165228115779209,-0.630310869159941,-0.810485050554923,0.913919366399976,-1.99168585231261,-0.458958366401905,0,NA,NA
174,"Nanumba North",-0.137643589950536,-0.0986736813319036,-0.122153566265886,1.03266950896069,-1.79838175579951,-0.612081293246034,1,-2.55002289235337,0.530840576838974
175,"Nanumba South",-0.220580862364621,0.0269149254849901,-0.119183322847816,1.38891993664284,-2.02164733068411,-0.824923972247698,1,-1.00528549164303,0.436547428188014
176,"New Juaben North",0.427734996983979,0.609176354925337,-1.26957484492211,-1.26069261924315,1.27004681178064,0.837904602232712,0,NA,NA
177,"New Juaben South",0.445918161243347,0.434970338251056,-1.40552025427904,-1.41655218135409,1.31843259908258,1.4941413527013,1,-2.43570107334457,0.307467590584612
178,"Ningo-Prampram",-1.56758173856723,-1.03210179667919,-0.346407528250485,-0.607566835159204,0.771521161526941,0.248798987914016,0,NA,NA
179,"Nkoranza North",0.72445497818932,-0.230119746024164,0.0541507700324719,-0.132566264916338,-0.357931015014257,-1.06262409721458,0,NA,NA
180,"Nkoranza South",0.839537217002832,-0.156116055702684,-0.0900184138637318,-0.711473209899831,-0.0457358902994533,-0.362435301907239,1,-2.16971330840773,0.728231666289635
181,"Nkwanta North",-0.387743082302332,0.0220560716196887,0.0411564195604894,2.04946760463683,-1.88774366814515,-0.412148729547453,1,-0.938500813424837,0.255385409112708
182,"Nkwanta South",1.13321388680585,0.320428080667953,0.461645510883238,1.12915399979127,-1.08372370030432,-0.936750661479417,1,-2.00627167996011,0.331551596234713
183,"North Dayi",-0.549390750871327,0.17979644416882,-0.214875760263133,0.186574743215587,0.679627439274172,-0.601595249510966,0,NA,NA
184,"North East Gonja",-0.456835666323058,-0.253872822228963,0.830664043156024,2.43540556795916,-2.47113127795621,-2.21696155308059,1,-3.50986596996664,0.444334768694821
185,"North Gonja",0.689411714035983,-0.894056680430618,1.90979826893775,2.28696788975826,-2.31444789418335,-1.79489736472449,1,-3.87989944274699,1.09292980907783
186,"North Tongu",-1.49566321959076,-0.538348723906476,0.268358223656326,0.802591107749304,-0.0986485005381893,-0.50837980827104,1,-2.86159626430416,0.936900104399917
187,"Nsawam Adoagyiri",-0.979777185949036,-0.411001804133084,-0.775215413873715,-1.08256740540207,0.895185352740288,0.872674943829961,0,NA,NA
188,"Nzema East",-1.213834193668,2.25834427075225,2.57474167448607,0.787747339929215,-0.328012443276054,-0.583917159743971,1,-1.79175946922805,0.1
189,"Obuasi",0.484638945184159,0.723461036077272,-1.36142153665628,-1.22358319969292,1.11091662038491,0.736745925926354,0,NA,NA
190,"Obuasi East",0.127774182948291,0.695451439019438,-1.27255145838004,-1.07514552149203,0.906932620494477,1.07758526017894,0,NA,NA
191,"Offinso",1.57052764526624,0.257796814648904,-0.408283759736641,-0.303269594847368,0.275450068466549,0.0359362903179372,0,NA,NA
192,"Offinso North",1.61604645835497,-0.00818453229919001,-0.340737768108275,0.498293867437468,-0.55582283187237,-0.577406732423134,0,NA,NA
193,"Oforikrom",0.963806342035049,0.634205426882061,-0.691324855472652,-1.30522392270341,1.26556406081599,1.91789714477568,0,NA,NA
194,"Okaikwei North",-1.24826641705368,-1.41907245567151,-0.898152511754637,-1.22358319969292,1.38987660901688,2.18165177639236,0,NA,NA
195,"Okere",0.475180467001915,-0.0393609076834008,-1.0411700189865,-0.266160175297144,0.529471755244161,-0.171178593528179,0,NA,NA
196,"Old Tafo",1.18556430768526,0.715822621163546,-0.707964408169238,-1.36459899398377,1.14100808367167,1.80561343605449,0,NA,NA
197,"Prestea-Huni Valley",-0.852678484159742,2.21059073261785,1.16328947605146,0.142043439755319,0.231428666705474,-0.349947510680573,1,-3.74428365016723,1.10234892703406
198,"Pru East",-0.682119307162948,-0.225427326885151,2.26464770922156,0.201418511035677,-1.01566271464442,-0.808493074273128,1,-1.73266508806257,0.417508798106819
199,"Pru West",-0.115419960279695,-0.296335570201792,0.703739087989849,0.795169223839259,-1.21253410744667,-1.00699569333458,1,-1.94591014905531,0.1
200,"Pusiga",0.739581992153547,-1.45459535909078,-1.04308227840979,0.980716321590379,-1.77763892148594,0.221495463218554,1,-2.05110455609809,0.504925244196774
201,"Saboba",-0.353065891195605,-0.428420195683777,-0.238812883740184,1.36665428491271,-1.16661366824508,-0.877829482231149,1,-1.60227754911728,0.1
202,"Sagnerigu",-0.0158469393936416,-0.655674505252329,-1.1724825779808,-0.659520022529518,0.0489559930582755,1.28147294628392,0,NA,NA
203,"Savelugu",-0.412902538798409,-0.829987515213403,-0.718162841980575,1.00298197332051,-1.49364192939624,-0.642847680835893,1,-1.74695694784373,0.142815102008257
204,"Sawla-Tuna-Kalba",1.1316640020006,-1.01963962622705,2.05980017982918,1.97524876553638,-2.03145550430123,-1.32832571228414,1,-1.00784243397891,0.657542426030571
205,"Sefwi-Akontombra",0.393663044452963,1.71690842260095,1.23721208991668,0.394387492696841,-0.286393819169258,-0.823749381684625,0,NA,NA
206,"Sefwi-Wiawso",0.216787708292043,1.28609400925855,0.397146521648057,-0.666941906439562,0.269239635237163,-0.246041295273613,1,-2.26806434633054,0.539946085970344
207,"Sekondi Takoradi",-1.5018866259843,1.49439125727645,0.125420049962521,-1.27553638706323,1.27862538854824,1.59886529775508,0,NA,NA
208,"Sekyere Afram Plains North",-0.361933286504478,0.160423866034778,2.37473219001732,1.70063906086472,-1.55852415733576,-1.98123675533012,0,NA,NA
209,"Sekyere Central",0.274203730794382,-0.000369494851248308,1.40075288352055,0.906497482489931,-0.258822622414471,-1.00148185421602,0,NA,NA
210,"Sekyere East",1.05475705878417,0.329292672614447,0.0125538789284624,-0.763426397270145,0.775779936666291,0.216913323634388,0,NA,NA
211,"Sekyere Kumawu",1.59735533482319,0.175321973593107,0.575328002524994,-0.273582059207189,0.577049981407316,-0.429452628658483,0,NA,NA
212,"Sekyere South",1.69454542428129,0.270856223339817,-0.103637983747697,-0.370066550037771,0.748071992650022,0.165389654502225,1,-0.916290731874155,0.1
213,"Sene East",-0.633317770241014,0.314666294038448,4.36245981117786,1.62642022176428,-1.4799417141543,-1.63306551217215,1,-0.133531392624523,0.1
214,"Sene West",-0.513625792800337,0.0796445006083159,3.71815193797752,-0.0583474258158902,-1.24792881834397,-1.46387492951241,1,-1.84463155811108,0.315849530802278
215,"Shai Osudoku",-1.39846524985068,-0.768850192495127,-0.283611993840443,-0.303269594847368,0.50700907239813,-0.44426592826746,1,-0.224582673722795,0.284469722602956
216,"Shama",-1.59718009823038,1.35039584241688,0.0819851900250545,-0.41459785349804,0.541372922877881,0.631334379307466,0,NA,NA
217,"Sissala East",1.14171487986574,-1.10990403166037,1.32100232062486,0.0900902523850056,-1.16780041454179,-1.65553895068031,1,-1.69920944331974,0.32019068402763
218,"Sissala West",1.34991892512476,-1.33463918458577,1.82617557071268,0.349856189236572,-1.43257317850478,-1.2308613598093,1,-3.07394957939855,0.977050803247343
219,"South Dayi",-0.217772930664033,0.178497808247929,-0.265725240423487,0.104934020205095,0.54766705936177,-0.201285476315166,1,-2.63905732961526,0.1
220,"South Tongu",-1.7315895618745,-1.05069881505297,0.345476580350565,0.357278073146618,0.0628396222987902,-0.144370489622672,0,NA,NA
221,"Suaman",-0.278584840317719,1.51863967233719,0.862542058282611,-0.22905075574692,-0.0908358081782661,-0.526090672570747,0,NA,NA
222,"Suame",0.925472535491979,0.742753793822754,-0.702047702815231,-1.401708413534,1.22476715900617,1.95230440723863,0,NA,NA
223,"Suhum",0.190045611353903,0.658165125696333,-0.996511819436292,-0.74116074554001,0.688838189608068,0.291318687793254,1,-1.84532271920674,0.347287839225828
224,"Sunyani",1.09259393433457,-0.206240996469337,-0.963886545550794,-1.23842696751301,0.969604417539241,0.342880196418831,1,-2.81132386712859,0.67610850722517
225,"Sunyani West",1.11792309465756,-0.370303029702451,-0.896169571430764,-0.74116074554001,0.575539213186817,-0.341544414590773,1,-2.17801998976619,0.918982992837429
226,"Tain",0.790777077280188,-0.544691897337759,-0.0762532885690311,-0.451707273048264,-0.463472284424692,-0.786894204619143,1,-1.98626379189521,0.460952734063918
227,"Talensi",0.172070667599914,-1.07944434464086,-0.540895780346879,2.12368644373728,-0.734838865278625,-0.475267496934135,1,-1.56090818151585,0.418513199772955
228,"Tamale",-0.33349234068412,-0.580960357152307,-0.887877849799675,-0.488816692598488,-0.308760986479293,0.603890332810775,1,-3.34730111903196,0.4875960874292
229,"Tano North",1.1029779650083,-0.0596986876329318,-0.670332654541658,-0.444285389138219,0.390580493147851,-0.427117848577282,1,-2.23538798988984,0.309500881087766
230,"Tano South",1.37616359726666,0.0621259066766348,-0.511844895054495,-0.288425827027279,0.100234949785363,-0.137121920913163,1,-2.13258008905405,0.751568168407423
231,"Tarkwa Nsuaem",-0.95046072639895,2.27952045000651,1.33028707795115,-0.696629442079742,0.754361586898763,0.0561492901373278,1,-2.72410042841242,0.80497364627859
232,"Tatale Sanguli",-0.11256017920425,-0.0430841586695469,0.474554184319142,1.84165485515557,-1.92195257533504,-0.734913916487312,1,-1.32175583998232,0.1
233,"Techiman",2.03606063174403,-0.101707422199217,-1.09808781145299,-1.3200676905235,0.360591863532566,0.330834187070487,1,-3.30514964063471,0.99742412705436
234,"Techiman North",2.46949704457225,-0.124547375368208,-1.01616402939966,-0.934129727201175,0.153526587401339,0.109028641774275,1,-2.18007721452427,0.970564079873627
235,"Tema",-1.63783854680498,-1.52960699381625,-0.728917911108099,-1.1864737801427,1.19022123167001,1.84332704418238,0,NA,NA
236,"Tema West",-1.57279827948141,-1.44811179235196,-0.810538293471396,-1.43881783308422,1.53756880818978,1.86852031541997,0,NA,NA
237,"Tempane",0.698415069927815,-1.27401276896448,-0.733300976282825,1.71548282868481,-1.68292638738304,0.0120133811208673,1,-1.37033034377742,0.171308834374196
238,"Tolon",-0.421014414645081,-0.851722437187583,0.151061265232278,2.22017093456786,-2.03807345633782,-0.584418634870833,0,NA,NA
239,"Twifo-Atti-Morkwa",-0.635194964512622,1.35174146698147,0.561392478664113,0.483450099617379,0.138478160337627,-0.464851760816124,1,-1.56734225464069,0.676705259343673
240,"Twifo-Hemang-Lower Denkyira",-0.594977708852723,1.17324326676429,0.47369274259579,0.335012421416483,0.239645384075236,-0.412147139969669,0,NA,NA
241,"Upper Denkyira East",-0.21143644325294,1.12775696515238,-0.313541626109381,-0.24389452356701,0.518897766951892,-0.0054595524129606,1,-2.24612233353369,0.965305177467368
242,"Upper Denkyira West",-0.262509888100155,0.895754193936354,-0.0848802335476034,-0.22905075574692,0.0642076437028056,-0.214901537857251,1,-1.63454525256716,0.586724486863434
243,"Upper Manya",0.740929417495068,0.4962837187058,-0.303139457189945,0.379543724876752,-0.361545250610892,-0.621808733425345,0,NA,NA
244,"Upper West Akim",-0.543246435349585,0.465274346903444,-0.713975602447792,0.156887207575408,0.0779931409591734,0.147190133085722,0,NA,NA
245,"Wa East",0.889330393794054,-1.09350801786956,2.40499837272538,1.56704515048392,-1.9910037402686,-1.46967411478232,1,-1.68947328997255,0.483259436519025
246,"Wa Municipal",1.53636236386048,-1.12814497175994,1.65132710650185,-0.822801468550503,0.123288998133239,0.28095207057209,1,-2.56862351282546,0.430237777079247
247,"Wa West",1.10339473522144,-1.1045220992867,1.90878904228971,2.54673382660983,-1.78848747702178,-0.768752191292694,1,-2.16234770816078,0.65630066168415
248,"Wassa Amenfi Central",-0.573450342215675,1.81092212167101,1.28486232372964,0.743216036468946,-0.325220107737567,-0.779437227854097,1,-1.84941809215106,0.304024709850657
249,"Wassa Amenfi East",-0.463432882019146,1.2242122623491,0.42739762859512,0.587356474358006,-0.173617363889871,-0.409064687861021,1,-1.80756542329173,1.11819162264718
250,"Wassa Amenfi West",-0.635544906642609,2.07631698820321,1.96731654382812,-0.199363220106741,-0.0403201883600524,-0.561572385929912,1,-2.40761277255038,0.522962426885522
251,"Wassa East",-0.832332131061104,1.61219313044343,1.20932787766331,0.772903572109125,-0.149578718033737,-0.816148416678415,1,-0.599008557208919,0.637306826545679
252,"Weija Gbawe",-1.47727420096812,-1.30011714958474,-0.780768283784546,-1.401708413534,1.38791048324503,1.1139253123882,0,NA,NA
253,"Wenchi",0.781023962967805,-0.391481473364899,-0.643133168271839,-0.295847710937323,-0.302658180799066,-0.444739941423112,1,-1.91778380575044,0.6092847208373
254,"West Akim",0.503684784280433,1.47232290119687,-0.51996266152333,-0.288425827027279,0.422429283378612,0.070578576043122,1,-1.51598090238268,0.172009776298093
255,"West Gonja",0.297701044473615,-0.901546776608156,1.44546525495137,0.899075598579887,-0.76443511959359,-1.75765634575785,1,-2.57175329191758,0.879735725782156
256,"West Mamprusi",-0.197803185088165,-0.968750448856966,-0.336540655013713,1.03266950896069,-1.32145056471008,-0.746988527305375,1,-2.47124383363378,0.318395385546238
257,"Yendi",-0.107616217860745,-0.244628375374486,-0.915873272549648,0.795169223839259,-1.23962940148703,-0.457442445855704,1,-2.97536086512567,0.905564130960949
258,"Yilo-Krobo",1.11253141807719,0.358930378723312,-0.89949998758038,-0.451707273048264,0.556358389804237,0.0843344632816072,0,NA,NA
259,"Yunyoo-Nasuan",0.49519745311932,-0.849987900517038,-0.359936218899154,2.17563963110759,-2.12772190568434,-0.40224034142241,1,-1.75158929279954,0.155183983710906
260,"Zabzugu",-0.279570143041191,-0.078320614453285,0.164229942461686,1.12173211588123,-2.08871010188406,-0.676442013008856,1,-0.606135803570316,0.1
