district_name,district_code,region,name_clean,area_km2,elev_mean,elev_median,elev_sd,precip_mean,travel_time_mean,travel_time_median,poverty_H,mpi_index,literacy_rate,illiteracy_prop,pop_under5,pop_total,prop_under5,pop_density
Asunafo North,GHA1.1_2,Ahafo,asunafo north,1417.5245785172697,231.10789489746094,229.5857133213108,30.056434631347656,1290.839599609375,124.16492462158203,111.55480969479743,0.262,0.1,0.6908514900687963,0.3091485099312037,18411,151258,0.12171918179534305,106.70573356704392
Asunafo South,GHA1.2_2,Ahafo,asunafo south,927.4042481016039,213.5439910888672,200.91152535838822,51.52210998535156,1393.3262939453125,106.18099212646484,94.38981410071763,0.261,0.1,0.6595255230555699,0.3404744769444301,11365,91693,0.12394621181551481,98.87058441633789
Asutifi North,GHA1.3_2,Ahafo,asutifi north,940.1355478956202,256.49298095703125,256.1816321772869,30.71179962158203,1219.246337890625,101.95581817626953,90.76215439607523,0.23199999999999998,0.1,0.7004844775929113,0.2995155224070887,8905,73556,0.12106422317689923,78.23978166195951
Asutifi South,GHA1.4_2,Ahafo,asutifi south,599.7596913577988,201.39442443847656,199.75403589336233,23.631765365600586,1286.0069580078125,77.93331146240234,74.10812174684676,0.266,0.1,0.6535052235393436,0.3464947764606564,8622,67334,0.12804823714616687,112.26829840391947
Tano North,GHA1.5_2,Ahafo,tano north,841.0711354108049,271.4891662597656,271.19612194526917,40.24219512939453,1213.422607421875,57.58964538574219,51.02622211381115,0.21600000000000003,0.1,0.7261663286004056,0.27383367139959436,10962,93838,0.116818347,111.56963549125562
Tano South,GHA1.6_2,Ahafo,tano south,491.2134564,296.81390380859375,300.13138201686814,27.174001693725586,1239.6920166015625,68.97888946533203,62.926263444397144,0.237,0.1,0.6726009845572865,0.32739901544271355,10575,86989,0.12156709469013323,177.0900183193535
Adansi Akrofuom,GHA2.1_2,Ashanti,akrofuom,570.8592388209779,158.7595215,147.51828330365487,45.46206283569336,1409.503418,81.15028381347656,66.23178881348063,0.37,0.2,0.6475238095238095,0.3524761904761905,6019,49291,0.12211154166074943,86.34527856955243
Adansi Asokwa,GHA2.2_2,Ashanti,adansi asokwa,598.6514356838657,186.77346801757813,169.56330056617315,60.88227081298828,1407.3397216796875,65.36528015136719,58.805110391175354,0.324,0.1,0.6694559307133787,0.3305440692866213,8536,71844,0.11881298368687712,120.0097347431055
Adansi North,GHA2.3_2,Ashanti,adansi north,259.0451784491107,263.4306945800781,243.07210863629624,65.21331024169922,1374.3460693359375,29.478504180908203,27.78149387031236,0.19699999999999998,0.1,0.7895333904109589,0.21046660958904106,6179,54155,0.11409842119841196,209.05619754910327
Adansi South,GHA2.4_2,Ashanti,adansi south,763.6903398807265,129.2974090576172,125.94754351550972,29.51862907409668,1455.054199,81.26263427734375,73.84925008438294,0.35,0.2,0.6822221303682884,0.3177778696317116,10210,85200,0.1198356807511737,111.5635429057628
Afigya-Kwabre North,GHA2.5_2,Ashanti,afigya kwabre north,187.25902867300888,300.8684387207031,298.37324258390066,32.97086715698242,1284.6011962890625,81.54840087890625,79.94343072483258,0.252,0.1,0.7128111321617561,0.28718886783824393,10031,73330,0.13679258148097642,391.59660561974084
Afigya-Kwabre South,GHA2.6_2,Ashanti,afigya kwabre south,224.01131751966426,277.8235778808594,276.7822765818307,23.55263328552246,1334.268798828125,71.08880615234375,70.31775063506676,0.13,0.1,0.8408671889601107,0.1591328110398893,30127,234667,0.1283819199120456,1047.5676077366063
Ahafo-Ano North,GHA2.7_2,Ashanti,ahafo ano north,596.2397379469718,228.0541229248047,230.75700804390465,28.048870086669922,1277.4134521484375,78.001434326171875,75.03516186865731,0.265,0.1,0.7046485767967382,0.2953514232032618,11929,92742,0.12862565,155.54481544510585
Ahafo-Ano South East,GHA2.8_2,Ashanti,ahafo ano south east,689.2932249,273.49652099609375,264.0122409591533,48.752506256103516,1305.0863037109375,103.64142608642578,100.82425981167823,0.318,0.1,0.6145411383461763,0.3854588616538237,8622,63468,0.13584798638684062,92.07692417384501
Ahafo-Ano South West,GHA2.9_2,Ashanti,ahafo ano south west,506.8048793740951,326.96649169921875,301.5488791874026,97.823150634765625,1308.9947509765625,122.70854949951172,116.93668524218974,0.319,0.1,0.627574278,0.372425722,8594,65770,0.13066747757336172,129.7738097573687
Amansie Central,GHA2.10_2,Ashanti,amansie central,853.5403877,172.7322235107422,171.85577381973806,28.454593658447266,1367.195313,69.16490936279297,57.501377625592866,0.28600000000000003,0.1,0.6563170373715705,0.34368296262842946,10975,93052,0.11794480505523793,109.01885996543075
Amansie South,GHA2.11_2,Ashanti,amansie south,595.6983216185465,176.7686767578125,172.31666233655116,34.77853775024414,1386.692871,120.60235595703125,112.05456933192806,0.303,0.1,0.6446391956451596,0.3553608043548404,14268,113155,0.12609252794838938,189.9535316677599
Amansie West,GHA2.12_2,Ashanti,amansie west,640.8666585,230.11685180664063,212.73687136172776,64.79557800292969,1356.512939453125,96.22776031,88.85507767239693,0.31,0.1,0.6796704628059123,0.32032953719408774,14716,112627,0.13066138670123506,175.7417062
Asante-Akim Central,GHA2.13_2,Ashanti,asante akim central,301.6786823017916,225.5786133,221.98557493939077,31.094375610351563,1333.3250732421875,96.75023651123047,95.81309622155608,0.16899999999999998,0.1,0.7997005532152464,0.20029944678475364,10531,91673,0.11487569949712566,303.8762941436236
Asante-Akim North,GHA2.14_2,Ashanti,asante akim north,1131.0895384927271,210.9490203857422,196.6534499500667,111.41175079345703,1280.795654296875,151.7208251953125,149.61014968556526,0.26,0.1,0.7211746946617263,0.27882530533827365,10176,85202,0.1194338161076031,75.32736985043545
Asante-Akim South,GHA2.15_2,Ashanti,asante akim south,1158.8797292568893,218.8386688232422,210.15533624265288,59.63402176,1390.1685791015625,108.83232116699219,102.98076871881312,0.24600000000000002,0.1,0.6985963743636104,0.30140362563638956,15339,123633,0.12406881657809808,106.68320178425887
Asokore-Mampong,GHA2.16_2,Ashanti,asokore mampong,24.027505732504668,271.6413879394531,272.75044969986317,10.585978507995605,1359.8167724609375,55.35892105102539,55.45697891645748,0.113,0,0.7759075508228461,0.22409244917715387,21230,191402,0.11091838120813785,7965.953775263044
Asokwa,GHA2.17_2,Ashanti,asokwa,26.826532774033833,245.03147888183594,244.22378887421266,11.608963966369629,1381.8638916015625,54.50312042236328,54.71808021006392,0.063,0,0.8767222227301401,0.12327777726985989,13172,125642,0.1048375543210073,4683.497530534862
Atwima-Kwanwoma,GHA2.18_2,Ashanti,atwima kwanwoma,252.68213379249005,237.3687744140625,238.1808875342673,20.376399993896484,1349.0631103515625,65.03966522216797,60.23253420682533,0.138,0.1,0.8404694196339167,0.15953058036608325,28828,234846,0.12275278267460378,929.4127624902138
Atwima-Mponua,GHA2.19_2,Ashanti,atwima mponua,1891.514638178744,249.43519592285156,213.89792912687352,111.35850524902344,1374.814208984375,137.4940185546875,125.45230632960154,0.251,0.1,0.6522921999294944,0.3477078000705056,20602,155254,0.13269867443028843,82.07919561726851
Atwima-Nwabiagya North,GHA2.20_2,Ashanti,atwima nwabiagya north,213.8959290922914,247.3788299560547,249.01278690594125,20.53649902,1330.101563,85.874176025390625,83.01293688442244,0.135,0.1,0.8150374913758464,0.18496250862415364,18988,155025,0.12248347040799872,724.7683518703627
Atwima-Nwabiagya South,GHA2.21_2,Ashanti,atwima nwabiagya south,367.95914318576774,222.15438842773438,222.81078117585156,19.255903244018555,1348.1456298828125,82.350128173828125,78.71595772988486,0.125,0.1,0.8383147073262295,0.16168529267377052,19059,161893,0.11772590538194981,439.9754782510371
Bekwai,GHA2.22_2,Ashanti,bekwai,537.7718105058365,229.40045166015625,221.64892170418153,44.91016387939453,1339.6817626953125,49.87415695,47.494814237915435,0.19399999999999998,0.1,0.7913309863922551,0.20866901360774492,16239,137967,0.11770205918806671,256.5530533670519
Bosome Freho,GHA2.23_2,Ashanti,bosome freho,571.4715660020668,252.59365844726563,202.0722295068433,125.59537506103516,1405.2249755859375,86.571746826171875,76.35528588480985,0.313,0.1,0.6628279800413591,0.3371720199586409,7961,62259,0.12786906310734192,108.94505291935178
Bosomtwe,GHA2.24_2,Ashanti,bosomtwi,424.4651040057184,219.5644989013672,232.56249880237476,59.11067199707031,1318.2327880859375,71.91133880615234,69.70363908819297,0.161,0.1,0.837302602,0.162697398,20157,165180,0.12203051216854341,389.14859770845777
Ejisu,GHA2.25_2,Ashanti,ejisu,413.25241129824775,242.58871459960938,242.51962811716626,41.73503875732422,1327.3328857421875,76.11791992,74.63663942,0.135,0.1,0.826290747,0.17370925314627605,20923,180723,0.11577386386901502,437.31868238167567
Ejura-Sekyedumase,GHA2.26_2,Ashanti,ejura sekyedumase,1346.4440844405524,217.59515380859375,198.68002653014108,66.12235260009766,1213.3802490234375,148.62564086914063,148.60772011319045,0.25,0.1,0.5658795511068538,0.43412044889314616,19586,137672,0.1422656749375327,102.24858320589134
Juaben,GHA2.27_2,Ashanti,juaben,171.97142634972207,277.3347473144531,278.3756231508635,31.34170150756836,1305.9049072265625,96.41169738769531,91.65985848970611,0.209,0.1,0.7417350053322547,0.25826499466774533,7916,63929,0.12382486821317398,371.74198852077683
Kumasi,GHA2.28_2,Ashanti,kumasi metropolitan area,21.72023290540901,266.1066589355469,267.8023678703181,12.988641738891602,1403.4083251953125,49.13141632080078,49.079613059533116,0.089,0,0.8769217762451675,0.12307822375483246,41445,443981,0.093348589,20440.894991021712
Kwabre East,GHA2.29_2,Ashanti,kwabre east,123.53778076051118,307.6311035,306.48745968444115,16.858247756958008,1335.8983154296875,72.674957275390625,70.99028460433615,0.106,0,0.8480408709712021,0.15195912902879793,37376,296814,0.12592397932712068,2402.6172250527957
Kwadaso,GHA2.30_2,Ashanti,kwadaso,64.36058273496694,246.98948669433594,246.75827520799123,15.761168479919434,1378.672852,50.92808914,50.785156291828024,0.095,0,0.9041410534840063,0.095858947,15317,154526,0.099122478,2400.9415924080254
Mampong,GHA2.31_2,Ashanti,mampong,673.3540085238462,292.0931396484375,307.59599036999504,104.37718200683594,1236.6561279296875,145.1741943359375,136.1684632276103,0.225,0.1,0.7586548665478645,0.24134513345213549,13714,116632,0.11758351052884286,173.21052302886764
Obuasi,GHA2.32_2,Ashanti,obuasi,146.36893505745024,214.1681671142578,194.0618699642225,58.97417068481445,1382.2977294921875,7.926630497,3.906365737348119,0.111,0,0.8590598872040203,0.14094011279597973,10707,104297,0.10265875336778622,712.5624023913484
Obuasi East,GHA2.33_2,Ashanti,obuasi east,75.34026892462748,181.08624267578125,176.50172057639776,20.27152442932129,1376.2579345703125,14.313010215759277,11.724245274464007,0.131,0.1,0.8214272340319299,0.17857276596807015,10049,92401,0.10875423426153397,1226.449033417183
Offinso,GHA2.34_2,Ashanti,offinso,588.3678989989616,314.8317565917969,307.39674314459097,44.71366882324219,1281.8851318359375,76.42099762,72.00285690246331,0.235,0.1,0.7049261168979479,0.29507388310205207,17870,137272,0.13017949763972259,233.30980536761453
Offinso North,GHA2.35_2,Ashanti,offinso north,950.1957881690414,319.0514221191406,318.6700480369139,56.37065505981445,1224.530762,81.27498626708984,66.86932103271727,0.34299999999999997,0.1,0.5515660260740826,0.44843397392591744,11518,83440,0.13803930968360498,87.81348122031024
Oforikrom,GHA2.36_2,Ashanti,oforikrom,45.55913451992756,258.5877380371094,257.78620448786523,11.88819408416748,1363.05127,56.08110427856445,55.86867921,0.1,0,0.8875905243756624,0.11240947562433756,17681,213126,0.082960315,4678.008093125182
Old Tafo,GHA2.37_2,Ashanti,old tafo,29.236986803482704,279.1450500488281,280.70623676589577,14.905282974243164,1380.650634765625,54.885353088378906,54.61609744882767,0.092,0,0.8646114089014062,0.1353885910985938,12474,114368,0.10906897034135422,3911.7574177095603
Sekyere Afram Plains North,GHA2.38_2,Ashanti,sekyere afram plains,3541.8185555887662,135.68959045410156,133.7084001349746,27.097515106201172,1260.8883056640625,276.4140319824219,260.56834642722947,0.505,0.2,0.3665794034143284,0.6334205965856716,5072,33226,0.1526515379522061,9.381056504876984
Sekyere Central,GHA2.39_2,Ashanti,sekyere central,1638.8280512397555,194.66049194335938,159.5786408315066,93.885223388671875,1226.2159423828125,206.4219512939453,208.05497228937222,0.39799999999999996,0.2,0.6063590778848659,0.39364092211513413,9815,73228,0.13403342983558203,44.68315022103986
Sekyere East,GHA2.40_2,Ashanti,sekyere east,240.2629452525185,267.0190124511719,256.5489897794763,41.93141555786133,1297.302001953125,106.66322326660156,103.67800453137389,0.17300000000000001,0.1,0.7972311036209857,0.2027688963790143,9392,74789,0.12557996496811027,311.2797935669859
Sekyere Kumawu,GHA2.41_2,Ashanti,sekyere kumawu,579.3330579236442,317.3187255859375,317.0943978203692,82.56240082,1264.100830078125,147.10528564453125,135.6507481154923,0.239,0.1,0.76056776,0.23943224012730702,7998,64396,0.1242002608857693,111.15540382038299
Sekyere South,GHA2.42_2,Ashanti,sekyere south,418.74968065767337,326.3283996582031,313.1142320784164,46.43141555786133,1284.701172,98.313446044921875,97.05163983228262,0.226,0.1,0.7921193132460738,0.20788068675392624,14397,120076,0.11989906392618009,286.74887539355944
Suame,GHA2.43_2,Ashanti,suame,27.58015174306825,255.0341339111328,252.65752185001085,16.915082931518555,1386.4578857421875,55.31053924560547,53.913220535237926,0.087,0,0.8800639749544859,0.11993602504551415,14958,136290,0.10975126568346907,4941.597177
Banda,GHA3.1_2,Bono,banda,2307.8339328576512,216.82571411132813,217.12783660473653,55.00654602050781,1062.310059,231.5352325439453,188.60047161506267,0.35700000000000004,0.2,0.5097981866042702,0.49020181339572977,3535,28179,0.12544802867383512,12.210150652004517
Berekum East,GHA3.2_2,Bono,berekum east,463.64568903064105,289.07611083984375,290.1769750160725,28.599611282348633,1127.2191162109375,78.63298797607422,70.14842897884702,0.126,0.1,0.8309991368148468,0.16900086318515317,11116,106252,0.10461920716786507,229.16637103246765
Berekum West,GHA3.3_2,Bono,berekum west,403.0287716,313.2644348144531,315.15366990540275,22.40000343322754,1140.050048828125,77.15684509277344,74.86048991789833,0.14800000000000002,0.1,0.7357174516527866,0.26428254834721343,5433,49464,0.10983745754488113,122.73069190222937
Dormaa,GHA3.4_2,Bono,dormaa central,1214.7823261976707,270.5123291015625,269.6468204771681,29.779232025146484,1179.04834,152.3949737548828,130.3154288412401,0.158,0.1,0.7417228123837474,0.2582771876162526,12938,112702,0.11479831768735249,92.77546896221554
Dormaa East,GHA3.5_2,Bono,dormaa east,572.3284887236911,281.79656982421875,283.2411406,25.360584259033203,1169.4263916015625,78.90015411376953,78.18817473173222,0.195,0.1,0.7147404255319149,0.28525957446808514,7513,67899,0.1106496413791072,118.63641481733107
Dormaa West,GHA3.6_2,Bono,dormaa west,382.38305470240545,226.52822875976563,226.73198951313586,21.88629150390625,1229.0421142578125,152.75791931152344,153.2532839974842,0.23199999999999998,0.1,0.6407810515304725,0.3592189484695275,6333,47913,0.13217707094108072,125.30105455977622
Jaman North,GHA3.7_2,Bono,jaman north,1035.2868748832643,307.32342529296875,308.9481834670128,28.776269912719727,1087.3653564453125,156.8437042236328,142.7586384,0.145,0.1,0.6882610369349839,0.31173896306501614,14620,116529,0.1254623312651786,112.55720788804499
Jaman South,GHA3.8_2,Bono,jaman south,758.2121652708967,290.8240661621094,276.84735239816246,61.61758804321289,1113.388916015625,111.94306182861328,109.39360147040368,0.156,0.1,0.6908778005814948,0.30912219941850516,13289,109768,0.12106442679105021,144.77214298029855
Sunyani,GHA3.9_2,Bono,sunyani,508.8464826690871,270.52655029296875,272.3937804508657,23.38953399658203,1181.823242,36.49428176879883,22.968051672664636,0.109,0,0.8329894448088735,0.1670105551911265,20755,193595,0.1072083473230197,380.4585598873023
Sunyani West,GHA3.10_2,Bono,sunyani west,1063.7875826151967,272.8746032714844,276.2634535731458,31.16562271118164,1146.446044921875,41.360557556152344,37.91592741920912,0.17600000000000002,0.1,0.760289041,0.23971095918229202,14658,136022,0.10776197967975769,127.86575273383612
Tain,GHA3.11_2,Bono,tain,1837.4718863557894,242.5476531982422,244.3816554723761,40.14551544189453,1108.842041015625,100.28136444091797,98.39893778517833,0.215,0.1,0.5686036178666639,0.4313963821333361,14686,115568,0.12707669943236882,62.895111951455775
Wenchi,GHA3.12_2,Bono,wenchi,1150.0457275068777,241.64352416992188,234.62249269334026,70.23973846435547,1141.8792724609375,59.544254302978516,57.84853530333342,0.23600000000000002,0.1,0.598271932,0.40172806774941106,16317,124758,0.130789208,108.48090385975883
Atebubu-Amantin,GHA4.1_2,Bono East,atebubu amantin,2636.727986369348,134.76319885253906,133.2963217,21.932981491088867,1201.121826171875,211.48233032226563,203.65831954345245,0.28800000000000003,0.1,0.5005464021519839,0.49945359784801613,21392,144947,0.147584979,54.97229928506402
Kintampo North,GHA4.2_2,Bono East,kintampo north,4910.300733227013,135.66383361816406,122.30515369807449,52.81977462768555,1093.757813,149.11778259277344,128.93708860707721,0.281,0.1,0.5100307777193451,0.48996922228065487,20090,140250,0.14324420677361854,28.56240536367897
Kintampo South,GHA4.3_2,Bono East,kintampo south,1520.2069171665191,283.9947204589844,281.4024202143237,94.72025299072266,1160.7501220703125,69.756500244140625,69.75712601358421,0.26,0.1,0.5129941658847048,0.4870058341152952,12361,88384,0.1398556299782766,58.13945391377184
Nkoranza North,GHA4.4_2,Bono East,nkoranza north,1393.0378481365235,236.3994903564453,214.75049519353394,86.01423645019531,1176.6741943359375,109.65245819091797,101.54654110363171,0.258,0.1,0.588074743,0.41192525719084605,7398,56468,0.13101225472834171,40.535869198053476
Nkoranza South,GHA4.5_2,Bono East,nkoranza south,926.9235390062638,247.0677947998047,238.1898412595568,60.897377014160156,1192.631836,99.29217529296875,89.38566123108264,0.18,0.1,0.6456710782847299,0.3543289217152701,14521,114642,0.12666387536853857,123.68010431896616
Pru East,GHA4.6_2,Bono East,pru east,1659.434794348841,106.00784301757813,106.29723384433318,20.430864334106445,1177.686035,268.5031433105469,258.36112753641044,0.303,0.1,0.46673096630297184,0.5332690336970282,13883,100840,0.1376735422451408,60.76767845498227
Pru West,GHA4.7_2,Bono East,pru west,1576.344311041778,158.54176330566406,141.60901413484217,49.26563644,1162.3958740234375,156.33316040039063,151.29271403397948,0.38299999999999995,0.2,0.43041050563540484,0.5695894943645952,9928,69820,0.14219421369235177,44.29235384105723
Sene East,GHA4.8_2,Bono East,sene east,4412.345428107698,110.53182220458984,109.79758815475368,26.31389808654785,1294.1480712890625,419.2560729980469,383.12491238041576,0.495,0.2,0.38107694160973343,0.6189230583902665,11672,72081,0.16192894105242714,16.336209658660618
Sene West,GHA4.9_2,Bono East,sene west,3277.3936080216768,121.62745666503906,120.6506037,23.32563591003418,1243.4696044921875,372.954834,354.16169977608604,0.268,0.1,0.42388059701492536,0.5761194029850747,10080,70104,0.1437863745292708,21.390168037313245
Techiman,GHA4.10_2,Bono East,techiman,651.9763608018063,357.9873962402344,359.0255104780542,37.89472579956055,1204.3641357421875,26.850313186645508,22.421804898510654,0.098,0,0.7206337785081216,0.2793662214918784,30487,243335,0.12528818295765098,373.22672205591084
Techiman North,GHA4.11_2,Bono East,techiman north,391.14804224477734,398.1676330566406,396.4837825456481,71.35862731933594,1199.4390869140625,32.737518310546875,33.001156051157636,0.15,0.1,0.6824326660443246,0.3175673339556754,13102,102529,0.12778823552360796,262.1232600618212
Abura-Asebu-Kwamankese,GHA5.1_2,Central,abura asebu kwamankese,378.5179519338074,78.63397216796875,77.78754335778505,23.278339385986328,1317.2982177734375,87.54003906,84.77271737320416,0.28,0.1,0.6850629817634893,0.31493701823651066,14603,124465,0.1173261559474551,328.8219207678836
Agona East,GHA5.2_2,Central,agona east,328.8989709037679,94.75321197509766,94.77981340618683,30.35692596435547,1273.5999755859375,25.127099990844727,24.614030576954598,0.259,0.1,0.7365473352980545,0.2634526647019455,11219,98637,0.11374028001662662,299.9006039
Agona West,GHA5.3_2,Central,agona west,357.9443064667235,110.02299499511719,111.56058851415133,24.76337432861328,1390.2427978515625,34.08864974975586,33.79383010879845,0.21,0.1,0.7754900637673335,0.22450993623266646,14673,136569,0.10744019506623026,381.53700878238783
Ajumako-Enyan-Essiam,GHA5.4_2,Central,ajumako enyan essiam,523.7007221617388,64.98775482177734,65.72283275720828,20.547290802001953,1336.6275634765625,66.61385345458984,64.11243145038465,0.29600000000000004,0.1,0.7156357891041021,0.2843642108958979,14799,120586,0.12272568954936726,230.25746365642482
Asikuma-Odoben-Brakwa,GHA5.5_2,Central,asikuma odoben brakwa,776.3136468987457,119.11754608154297,116.96081676159072,31.427852630615234,1475.1014404296875,76.08921051,68.70224889,0.29,0.1,0.702295015,0.297704985,15344,126993,0.12082555731418267,163.58465487154274
Assin Central,GHA5.6_2,Central,assin fosu,280.09106577182786,156.2163848876953,153.0866657247958,19.839126586914063,1522.797363,83.41552734,72.80218225,0.18100000000000002,0.1,0.8273658478257981,0.17263415217420186,10797,88753,0.12165222584025329,316.8719421857652
Assin North,GHA5.7_2,Central,assin north,729.3760482606858,120.51190185546875,118.90096213317624,21.60010528564453,1495.0784912109375,88.415191650390625,83.23403957991601,0.319,0.1,0.6772431274856868,0.3227568725143132,9872,80539,0.12257415661977428,110.4217778909222
Assin South,GHA5.8_2,Central,assin south,1106.2328549033875,132.33187866210938,133.14857054282834,25.292959213256836,1461.277099609375,128.7773438,103.92896399852295,0.27399999999999997,0.1,0.6965014837457328,0.30349851625426716,13400,105995,0.12642105759705646,95.81617426220544
Awutu Senya East,GHA5.10_2,Central,awutu senya east,108.52129219312074,43.073509216308594,41.69892388716725,19.26953697,998.74505615234375,45.26133728027344,45.185990983321595,0.106,0,0.880216436,0.11978356376160704,25759,236527,0.10890511442668278,2179.5446333156883
Awutu Senya West,GHA5.9_2,Central,awutu senya,245.64582233684428,98.730804443359375,98.63421164929295,32.660465240478516,1164.9420166015625,37.32503128051758,37.32392914502254,0.225,0.1,0.6994511396577349,0.30054886034226513,20877,161460,0.12930137495354888,657.2877912761585
Cape Coast,GHA5.11_2,Central,cape cape metropolitan area,122.97541305387823,41.11708450317383,42.29758341,21.366779327392578,1317.2518310546875,78.68743896484375,77.39187627,0.129,0.1,0.877737041,0.12226295865748604,17790,189925,0.093668553,1544.414410031619
Effutu,GHA5.12_2,Central,effutu,85.60422507641532,18.539066314697266,17.219435233035412,12.55492877960205,1041.018798828125,31.021692276000977,29.769233638321726,0.217,0.1,0.7917730379642592,0.20822696203574076,9344,108816,0.085869725,1271.1522112706996
Ekumfi,GHA5.13_2,Central,ekumfi,278.0008856,26.273006439208984,24.413848924926913,16.234739303588867,1204.996337890625,52.807491302490234,52.684900157192004,0.315,0.1,0.6183251800937106,0.3816748199062894,6677,56741,0.11767504978763152,204.10366638197945
Gomoa Central,GHA5.14_2,Central,gomoa central,122.05710312896059,25.727413177490234,22.123501057686784,16.22352409362793,1193.305176,34.81766891479492,34.215737923211464,0.188,0.1,0.751311945,0.24868805491731205,9910,82592,0.11998740798140256,676.6668869138787
Gomoa East,GHA5.15_2,Central,gomoa east,542.2910953864082,50.643253326416016,47.29633553232702,26.79899787902832,1096.1065673828125,31.28726577758789,31.480437518885477,0.14400000000000002,0.1,0.8359093153077887,0.16409068469221133,37237,308697,0.12062637472991315,569.2459319842578
Gomoa West,GHA5.16_2,Central,gomoa west,338.65939356647425,56.81382369995117,56.55851828219103,23.44467544555664,1298.598145,38.58502197265625,37.369516677015184,0.28300000000000003,0.1,0.64294124,0.35705875960005795,15728,129512,0.12144048427944901,382.4255357
Komenda-Edina-Eguafo-Abirem-,GHA5.17_2,Central,komenda edina eguafo abirem,454.6593910918979,38.52720642089844,37.245630981685004,23.352161407470703,1409.308349609375,100.01841735839844,97.25527583,0.251,0.1,0.695991342,0.30400865825204504,19143,166017,0.11530746851226079,365.14587238877436
Mfantseman,GHA5.18_2,Central,mfantsiman,302.1283521050971,45.739784240722656,47.83455392312472,21.89349937438965,1235.093262,68.90583038330078,67.01111366820723,0.24,0.1,0.7278133829508648,0.27218661704913516,19268,168905,0.11407595985909239,559.0504791197001
Twifo-Atti-Morkwa,GHA5.19_2,Central,twifo ati morkwa,959.9359881661643,110.35780334472656,104.01337235493023,31.47208023071289,1517.7757568359375,146.10385131835938,137.6302235549198,0.341,0.1,0.6796564079222249,0.3203435920777751,12412,100851,0.12307265173374582,105.06013030375392
Twifo-Hemang-Lower Denkyira,GHA5.20_2,Central,twifo heman lower denkyira,578.2730199007883,114.08600616455078,107.50087603814694,35.89664077758789,1479.285645,139.80157470703125,135.93698422579428,0.321,0.1,0.6983205729809829,0.30167942701901707,7559,66075,0.11440030268634128,114.2626367236296
Upper Denkyira East,GHA5.21_2,Central,upper denkyira east,504.2637988372515,149.64088439941406,145.38559077460351,31.863584518432617,1469.477294921875,83.22935485839844,75.82444759331341,0.243,0.1,0.7498393591501028,0.2501606408498972,13696,110141,0.12434969720630827,218.41940717133937
Upper Denkyira West,GHA5.22_2,Central,upper denkyira west,581.8114866238785,144.9062957763672,145.23130310919518,17.699337005615234,1419.4498291015625,99.66141510009766,101.96970188314518,0.245,0.1,0.6659543695519043,0.33404563044809565,11962,91025,0.13141444658060972,156.45101908901395
Abuakwa North,GHA6.1_2,Eastern,abuakwa north,159.6560109,233.74842834472656,223.94084628915184,48.91324996948242,1438.5755615234375,22.853456497192383,19.60832851754837,0.157,0.1,0.8343894528199892,0.16561054718001078,7765,76195,0.10190957411903669,477.24479366622097
Abuakwa South,GHA6.2_2,Eastern,abuakwa south,351.0672371444439,279.89898681640625,250.49669865549708,94.08518981933594,1505.308349609375,47.01540756225586,40.296744471017035,0.21100000000000002,0.1,0.776845551,0.223154449,9360,89051,0.10510830872196832,253.65796228760777
Achiase,GHA6.3_2,Eastern,achiase,416.4228283294191,169.7184600830078,170.62621007991788,19.635210037231445,1566.3692626953125,39.12888717651367,32.16756086,0.299,0.1,0.6995768688293371,0.3004231311706629,6671,56348,0.11838929509476823,135.3143876046701
Akwapem North,GHA6.4_2,Eastern,akwapim north,307.9614934251466,248.7883301,220.8733443695507,101.4598388671875,1198.672363,24.606779098510742,20.212181044987297,0.201,0.1,0.8349818252418807,0.1650181747581193,10132,105315,0.096206618,341.9745723034622
Akwapem South,GHA6.5_2,Eastern,akwapim south,225.2655694959473,209.0041046142578,191.91187136346088,103.71355438232422,1151.6820068359375,31.895416259765625,31.641454935099983,0.19399999999999998,0.1,0.8269427592447008,0.17305724075529916,7830,76922,0.10179142507995112,341.47251251986773
Akyemansa,GHA6.6_2,Eastern,akyemansa,614.6668199891537,137.0585174560547,135.3436672524676,20.06645965576172,1509.070556640625,62.32732009887695,59.66834521712457,0.23600000000000002,0.1,0.6762979045955009,0.3237020954044991,10822,91038,0.11887343746567368,148.10950752410295
Asene-Manso-Akroso,GHA6.7_2,Eastern,asene manso akroso,420.8806224,161.21316528320313,157.11048625481595,23.087533950805664,1546.3531494140625,35.38952637,34.60977746995497,0.257,0.1,0.718140545,0.281859455,9135,77498,0.11787400965186198,184.13297235412475
Asuogyaman,GHA6.8_2,Eastern,asuogyaman,769.3365029360577,120.57649230957031,82.91986441,74.54106903076172,1220.3092041015625,104.6767578,99.92146185740273,0.218,0.1,0.7867779783393501,0.21322202166064985,10130,101256,0.10004345421505886,131.61470905588337
Atiwa East,GHA6.9_2,Eastern,atiwa east,582.5636799728335,238.60183715820313,197.5033589753024,114.40648651123047,1489.62207,96.54628754,83.89611796820647,0.184,0.1,0.7640682405150777,0.2359317594849223,8002,64647,0.12377991244760005,110.96984282132841
Atiwa West,GHA6.10_2,Eastern,atiwa west,588.3124578152365,339.3703613,206.11727803845184,213.82327270507813,1556.040283203125,110.64806365966797,81.44075339084597,0.18899999999999997,0.1,0.7599693398486155,0.24003066015138452,7459,61219,0.12184125843283948,104.05864976469059
Ayensuano,GHA6.11_2,Eastern,ayensuano,501.3733505669487,168.40614318847656,151.56514199080002,94.894317626953125,1355.2901611328125,59.42711258,56.12709228849628,0.29100000000000004,0.1,0.678784045,0.32121595475517195,11461,94594,0.12115990443368502,188.66978049996857
Birim Central,GHA6.12_2,Eastern,birim central,106.89608631612552,129.7095489501953,130.42009385448563,13.051959991455078,1523.5701904296875,18.476215362548828,17.353674111735984,0.11900000000000001,0.1,0.8498021924923745,0.15019780750762546,7962,76302,0.10434850986867972,713.7960109629353
Birim North,GHA6.13_2,Eastern,birim north,569.0373741787052,183.94195556640625,181.93520418350943,33.269256591796875,1458.605224609375,102.41685485839844,95.70860826813643,0.183,0.1,0.7498579464742315,0.25014205352576846,10006,82669,0.1210369062163568,145.2786824754993
Birim South,GHA6.14_2,Eastern,birim south,313.15103203531095,139.1655273,139.36914400363653,18.93890380859375,1530.2010498046875,37.964874267578125,36.93931175087278,0.249,0.1,0.7637407179221116,0.23625928207788838,3918,35654,0.10988949346496887,113.85560433337372
Denkyembour,GHA6.15_2,Eastern,denkyembuor,438.3568230642736,160.23141479492188,147.29785500404947,60.633094787597656,1582.1207275390625,59.50153732299805,54.72114966472122,0.18100000000000002,0.1,0.7718673127096534,0.22813268729034664,8057,77029,0.10459696997234808,175.72214220720753
Fanteakwa North,GHA6.16_2,Eastern,fanteakwa north,840.5986203912248,381.52557373046875,423.8349538667237,163.73463439941406,1438.6510009765625,115.25828552246094,106.7979685120788,0.289,0.1,0.6668099478047282,0.33319005219527176,6628,56987,0.11630722796427255,67.79335418547029
Fanteakwa South,GHA6.17_2,Eastern,fanteakwa south,263.31332364037195,346.3269348144531,358.0273527105324,128.22817993164063,1463.8272705078125,55.17580032348633,50.164348573427276,0.217,0.1,0.7930354796320631,0.2069645203679369,6117,54634,0.1119632463301241,207.48665219317965
Kwaebibirem,GHA6.18_2,Eastern,kwaebibirem,807.3522835481721,181.85256958007813,179.99488020522435,35.37647247314453,1554.7921142578125,97.22483063,86.12483580471746,0.196,0.1,0.7638743455497382,0.2361256544502618,13593,121698,0.11169452250653257,150.73717196309718
Kwahu Afram Plains North,GHA6.19_2,Eastern,kwahu afram plains north,2351.7475265741114,98.84698486328125,85.46084917455447,32.41362380981445,1275.4825439453125,237.9638672,238.55339269919713,0.485,0.2,0.4935575138310717,0.5064424861689283,9160,66555,0.13763053113965892,28.300231741692716
Kwahu Afram Plains South,GHA6.20_2,Eastern,kwahu afram plains south,3108.9509268268507,119.45825958251953,113.47013562577067,36.03512191772461,1299.7535400390625,231.6636505126953,221.18312547482887,0.391,0.2,0.5126276981046272,0.48737230189537284,10207,74002,0.1379287046296046,23.80288455550828
Kwahu East,GHA6.21_2,Eastern,kwahu east,626.1034858742722,270.3403015136719,242.8952000830195,138.76890563964844,1347.491699,104.84835815429688,101.96835030632151,0.294,0.1,0.7231398390196674,0.2768601609803326,9116,80233,0.11361908441663654,128.14654735225605
Kwahu South,GHA6.22_2,Eastern,kwahu south,799.5398750685098,340.0099792480469,378.6799288714307,166.23919677734375,1406.8695068359375,116.12622833251953,111.3431577316865,0.28800000000000003,0.1,0.7226122257558659,0.2773877742441341,9409,79851,0.11783196202927954,99.87119153145157
Kwahu West,GHA6.23_2,Eastern,kwahu west,402.77973513054786,249.86363220214844,221.35426056228604,87.78345489501953,1448.9796142578125,74.19287872314453,66.9656528,0.151,0.1,0.8062399625537684,0.1937600374462316,17420,145429,0.11978353698368276,361.0633488123824
Lower Manya-Krobo,GHA6.24_2,Eastern,lower manya krobo,305.70045181629365,149.89353942871094,138.15825480764218,112.4167709350586,1210.2486572265625,70.84877014160156,65.58866831,0.198,0.1,0.7747018263138278,0.22529817368617222,11754,121849,0.096463656,398.5895319291953
New Juaben North,GHA6.25_2,Eastern,new juaben north,105.97108970797363,208.89308166503906,195.8337251596989,55.10599899291992,1357.6541748046875,14.526915550231934,11.951012501818658,0.106,0,0.8884175393003644,0.11158246069963562,8348,88716,0.094098021,837.1717252740933
New Juaben South,GHA6.26_2,Eastern,new juaben south,54.47694421146031,210.5786895751953,174.36076675118298,80.98138427734375,1320.089599609375,4.7576093673706055,0.9895649756826319,0.085,0,0.897344149,0.10265585103611197,11441,129741,0.088183381,2381.5763141264156
Nsawam Adoagyiri,GHA6.27_2,Eastern,nsawam adoagyiri,175.84461839077977,78.41448974609375,72.60653948432272,35.270023345947266,1137.6700439453125,50.05256271362305,48.63029260170817,0.13,0.1,0.8192600010462519,0.18073999895374815,17649,155597,0.11342763677962943,884.8550579706485
Okere,GHA6.28_2,Eastern,okere,308.07056201486654,213.29135131835938,185.05260592932672,82.90317535,1217.808105,30.94053840637207,28.868452121020734,0.24,0.1,0.7517901358495617,0.24820986415043833,5682,51675,0.10995645863570391,167.73754578182098
Suhum,GHA6.29_2,Eastern,suhum,360.68278081764163,186.85890197753906,189.49759657163273,44.980106353759766,1368.217773,34.14976501464844,31.925477673117246,0.17600000000000002,0.1,0.781191372,0.21880862824771896,13904,126403,0.10999738930246909,350.4547672429873
Upper Manya,GHA6.30_2,Eastern,upper manya krobo,863.0561373375441,237.92669677734375,231.3495856,138.19424438476563,1333.310791015625,83.97687530517578,74.65487882006369,0.327,0.1,0.5874079589641764,0.4125920410358236,8295,70612,0.11747295077323967,81.81623065427947
Upper West Akim,GHA6.31_2,Eastern,upper west akim,344.11633593518314,118.88157653808594,113.65943216351079,38.19163513183594,1326.6241455078125,54.45337677001953,53.55313082410647,0.297,0.1,0.6684976319515649,0.33150236804843514,11274,95855,0.11761514787960983,278.5540528
West Akim,GHA6.32_2,Eastern,west akim,477.3142221497948,215.93374633789063,179.47285527139013,117.43753814697266,1543.777099609375,68.3955307,56.61102744151963,0.237,0.1,0.7320420564876353,0.2679579435123647,12687,117681,0.10780839727738548,246.54827897222881
Yilo-Krobo,GHA6.33_2,Eastern,yilo krobo,485.6849578649172,272.3747863769531,285.07114400646867,163.89248657226563,1303.692871,41.12122726,39.17049765388773,0.215,0.1,0.7567504042721221,0.24324959572787785,13140,122398,0.10735469533815913,252.01109900142794
Ablekuma Central,GHA7.1_2,Greater Accra,ablekuma central,14.154637507231136,22.30959129333496,23.88470098775579,9.409257888793945,902.66595458984375,45.534481048583984,45.44474505238443,0.094,0,0.8651559134750445,0.1348440865249555,15757,169145,0.093156759,11949.793833546737
Ablekuma North,GHA7.2_2,Greater Accra,ablekuma north,29.61972070512832,32.48994445800781,34.361060646946704,15.71548843383789,923.40460205078125,44.34729004,44.42201479912155,0.083,0,0.919091827,0.080908173,15080,159208,0.094718858,5375.067563430297
Ablekuma West,GHA7.3_2,Greater Accra,ablekuma west,12.95675141006073,17.940465927124023,17.889297156926332,8.196294784545898,872.90399169921875,49.90066909790039,49.71620308908778,0.089,0,0.9071181457779626,0.092881854,15335,153490,0.099908789,11846.333632735843
Accra,GHA7.4_2,Greater Accra,accra metropolitan area,5.642592462,17.921489715576172,18.221414086239875,6.229388236999512,871.2864990234375,45.79652023,45.69797568120239,0.111,0,0.8166919611286363,0.1833080388713637,23553,284124,0.082896904,50353.45046099449
Ada East,GHA7.5_2,Greater Accra,ada east,290.9753184328601,5.575595378875732,2.864404877044349,8.5922088623046875,979.157959,114.04922485351563,113.3056187,0.282,0.1,0.6550470026198182,0.3449529973801818,8999,76411,0.11777100155736739,262.60302905255224
Ada West,GHA7.6_2,Greater Accra,ada west,325.09183342536915,18.327213287353516,18.444469507154416,14.285747528076172,1023.798095703125,101.8934326171875,99.60649569038642,0.401,0.2,0.5979776069412103,0.40202239305878973,10922,76087,0.1435462036878836,234.04771260569726
Adenta,GHA7.7_2,Greater Accra,adentan,78.29816416969413,50.90283966064453,50.92910271863999,15.423582077026367,944.21868896484375,39.13934326171875,39.40557316294015,0.083,0,0.9189772566988234,0.081022743,26176,265971,0.098416745,3396.899567447917
Ashaiman,GHA7.8_2,Greater Accra,ashaiman,18.630458521925956,31.902441024780273,29.84293236,10.055665016174316,952.25933837890625,50.95834732055664,50.958653132352815,0.075,0,0.8698228777392035,0.13017712226079647,21637,208060,0.1039940401807171,11167.733727816563
Ayawaso Central,GHA7.9_2,Greater Accra,ayawaso central,1.563559892532901,28.030649185180664,29.997030073534315,9.286190987,895.7747802734375,43.25001144,43.16928663592869,0.122,0.1,0.8977796694332127,0.10222033056678725,8113,94831,0.085552193,60650.69873746747
Ayawaso East,GHA7.10_2,Greater Accra,ayawaso east,6.221482408667499,46.261619567871094,48.42958144792979,9.6386566162109375,891.30462646484375,40.700923919677734,40.71704638,0.154,0.1,0.7851054762412103,0.2148945237587897,4674,53004,0.088182024,8519.512958
Ayawaso North,GHA7.11_2,Greater Accra,ayawaso north,4.956904403859984,25.611093521118164,24.46857546361215,8.990950584411621,901.8409423828125,41.187870025634766,41.191326173165386,0.139,0.1,0.8396438895490095,0.16035611045099052,5707,63386,0.090035655,12787.416265409673
Ayawaso West,GHA7.12_2,Greater Accra,ayawaso west,32.76561269,59.05356979370117,59.95602081699871,20.303552627563477,905.10540771484375,38.26220703,38.32159740263753,0.093,0,0.9411747726944725,0.058825227,4565,75303,0.060621755,2298.2326231228135
Ga Central,GHA7.13_2,Greater Accra,ga central,49.204691673835136,45.87871170043945,36.811589912838514,27.430015563964844,968.56402587890625,52.509498596191406,51.67551043770893,0.083,0,0.9197711296161452,0.08022887,34959,332232,0.10522466228418695,6752.039057622348
Ga East,GHA7.14_2,Greater Accra,ga east,86.06428024909081,85.53900909423828,64.61370130783442,58.56806564331055,982.31829833984375,40.975101470947266,41.696621261159706,0.10099999999999999,0,0.9242439421200476,0.075756058,27430,283379,0.096796163,3292.6435819811973
Ga North,GHA7.15_2,Greater Accra,ga north,125.34219483182177,109.50060272216797,78.39107344691219,71.34055328,1039.0672607421875,48.53804016113281,48.47190652001357,0.105,0,0.9082621303668933,0.09173787,23754,235292,0.10095540859867738,1877.1970629340237
Ga South,GHA7.16_2,Greater Accra,ga south,179.03315819740632,56.794525146484375,51.77415648230457,28.16773223876953,1090.9295654296875,56.70964050292969,56.67128599267371,0.158,0.1,0.8333088809010943,0.16669111909890566,41168,350121,0.11758220729404976,1955.6209783996999
Ga West,GHA7.17_2,Greater Accra,ga west,175.6960705145166,43.83241653442383,41.45514596015753,17.504005432128906,1051.519775390625,60.46781539916992,59.884741698193324,0.105,0,0.8675930332867299,0.13240696671327012,36929,314299,0.11749639674322858,1788.8789378134188
Korle-Klottey,GHA7.18_2,Greater Accra,korle klottey,9.915642296243949,27.463436126708984,29.001860054753426,9.669703483581543,883.74798583984375,43.958030700683594,43.98555917413229,0.106,0,0.8945601523224158,0.10543984767758419,4890,68633,0.071248525,6921.689785642855
Kpone-Katamanso,GHA7.19_2,Greater Accra,kpone katamanso,240.97973502912188,54.45162582397461,49.63290272905577,37.22065353393555,977.39227294921875,50.07268524169922,51.46593681399404,0.105,0,0.8916729956131899,0.10832700438681009,49123,412828,0.11899144437877275,1713.1233045389092
Krowor,GHA7.20_2,Greater Accra,krowor,18.423804753138416,27.00244903564453,28.53611162142162,12.463716506958008,891.7160645,48.3521843,48.86347369920701,0.124,0.1,0.9197357555739059,0.080264244,12774,143012,0.089321176,7762.348869640432
La-Dade-Kotopon,GHA7.21_2,Greater Accra,la dade kotopon,36.20041491,34.67494201660156,31.677365773854156,17.92744255065918,872.2569580078125,42.76075744628906,42.91122437386188,0.089,0,0.9385073047131838,0.061492695286816224,12274,140264,0.087506416,3874.651722688892
La-Nkwantanang-Madina,GHA7.22_2,Greater Accra,la nkwantanang madina,71.21508563875449,82.16322326660156,79.06151164424755,19.463279724121094,985.19671630859375,34.58818435668945,34.060008978724596,0.113,0,0.9124488410834379,0.087551159,21585,220757,0.097777194,3099.862873
Ledzokuku,GHA7.23_2,Greater Accra,ledzokuku,29.371074324494586,29.958223342895508,30.256946574212826,13.581212997436523,884.42510986328125,46.44894027709961,46.76219554235718,0.113,0,0.9036316472114138,0.096368353,20134,217304,0.09265361,7398.571723975893
Ningo-Prampram,GHA7.24_2,Greater Accra,ningo prampram,624.9538486188635,23.924083709716797,24.41230113463869,12.899502754211426,1003.7403564453125,80.86754608154297,80.54776867280887,0.19399999999999998,0.1,0.7964454096065378,0.20355459039346224,24333,204673,0.11888720055894036,327.50098339633166
Okaikwei North,GHA7.25_2,Greater Accra,okaikoi north,22.530778567514044,53.525115966796875,52.37997789484232,22.033170700073242,920.29669189453125,41.21805953979492,41.29117692547078,0.111,0,0.9105247300677546,0.08947527,14126,160446,0.088042083,7121.191996060834
Shai Osudoku,GHA7.26_2,Greater Accra,shai osudoku,972.8004841,39.60144805908203,38.689239739536816,25.417036056518555,1060.506103515625,85.380157470703125,87.38239481452176,0.235,0.1,0.7476460345802788,0.2523539654197212,12597,105610,0.11927847741691128,108.56285716213927
Tema,GHA7.27_2,Greater Accra,tema metropolitan area,42.83202310896013,17.41116714477539,17.085249329788333,10.11980915,896.4617919921875,53.37959289550781,53.02822043406776,0.11599999999999999,0.1,0.8736906569361691,0.1263093430638309,16487,177924,0.09266316,4153.994770393642
Tema West,GHA7.28_2,Greater Accra,tema west,45.37900452313031,23.440502166748047,23.74690870132626,11.740232467651367,914.03485107421875,47.514190673828125,47.56441741704522,0.082,0,0.9377722068830073,0.062227793,18825,196224,0.095936277,4324.114247591789
Weija Gbawe,GHA7.29_2,Greater Accra,weija gbawe,164.42146254076226,32.29573440551758,18.767662719854073,36.45532989501953,945.9473876953125,49.65352249145508,48.31069223196469,0.087,0,0.9101620029455081,0.089837997,22520,213674,0.10539419863904827,1299.5505373699457
Bunkpurugu Nakpanduri,GHA8.1_2,North East,bunkpurugu nakpanduri,772.4984480548159,280.6486511230469,281.6087954051592,106.93375396728516,1046.52002,92.39740753173828,93.31374814625939,0.38299999999999995,0.2,0.5420606549815498,0.45793934501845024,10765,82384,0.13066857642260632,106.64616894370006
Chereponi,GHA8.2_2,North East,chereponi,1380.3905931926295,156.77774047851563,157.57060255734478,23.063093185424805,1085.999267578125,139.61605834960938,134.87525520936765,0.5379999999999999,0.2,0.27150892711378916,0.7284910728862108,16512,87176,0.189409929,63.15313971995088
East Mamprusi,GHA8.3_2,North East,east mamprusi,1714.307537911218,256.49127197265625,233.58397137019566,84.85442352294922,1037.3526611328125,103.06726837158203,101.17860693342803,0.547,0.3,0.3394110056721955,0.6605889943278045,32450,188006,0.17260087444017744,109.66877053406307
Mamprugu Moagduri,GHA8.4_2,North East,mamprugu moagduri,2130.896998412886,156.61354064941406,147.6720025717289,26.656116485595703,1001.2542724609375,183.8512725830078,172.4553177434486,0.445,0.2,0.23601253397765026,0.7639874660223498,13284,68746,0.19323306083263025,32.26153120080544
West Mamprusi,GHA8.5_2,North East,west mamprusi,2622.2860946118185,150.9047088623047,143.71530154804054,28.785388946533203,1017.4010009765625,81.57659912109375,78.65037523900119,0.415,0.2,0.4103166979684879,0.5896833020315121,30087,175755,0.1711871639498165,67.02357929637624
Yunyoo-Nasuan,GHA8.6_2,North East,yunyoo nasuan,489.9967513961059,215.14695739746094,207.11985050943966,47.347843170166016,1043.0101318359375,79.89534759521484,75.94749381,0.569,0.3,0.2615691013247404,0.7384308986752596,10161,56879,0.1786423811951687,116.0803614267636
Gushegu,GHA9.1_2,Northern,gushegu,2685.7869964409906,186.06300354003906,182.90121716808028,25.276226043701172,1103.910888671875,68.00724029541016,63.959969400997615,0.515,0.2,0.19295846264443392,0.807041537,33339,153965,0.21653622576559609,57.32584163
Karaga,GHA9.2_2,Northern,karaga,3133.3182207584036,151.72467041015625,147.92410524542527,22.424673080444336,1065.545166015625,91.18805694580078,81.32904657181994,0.505,0.2,0.19039353200214357,0.8096064679978564,23852,114225,0.2088159334646531,36.45496306224282
Kpandai,GHA9.3_2,Northern,kpandai,1137.8669284724256,144.39456176757813,146.43100597547357,37.610782623291016,1257.2398681640625,155.05555725097656,150.54376831501835,0.486,0.2,0.36716423777282065,0.6328357622271794,20294,126213,0.16079167756094856,110.9207033281472
Kumbungu,GHA9.4_2,Northern,kumbungu,1548.145918479978,128.8699951171875,126.62357357068873,16.046783447265625,1034.6431884765625,132.9857635498047,129.39017457080016,0.45,0.2,0.34414399663165773,0.6558560033683423,20849,110586,0.18853200224259853,71.43125120180989
Mion,GHA9.5_2,Northern,mion,2726.1899502553474,182.8635254,185.51773061893527,31.23680305480957,1161.079345703125,63.945465087890625,62.52290067130481,0.534,0.2,0.22292169364948844,0.7770783063505116,17144,94930,0.18059622880016854,34.82149143389969
Nanton,GHA9.6_2,Northern,nanton,478.7027559566012,153.92446899414063,153.2833370427713,16.768070220947266,1090.3797607421875,47.51801681518555,42.77457694929779,0.39899999999999997,0.2,0.2866661560848587,0.7133338439151413,9588,50767,0.18886284397344733,106.05119642261364
Nanumba North,GHA9.7_2,Northern,nanumba north,2270.6802797001137,156.48159790039063,158.1762896267245,31.152347564697266,1205.018310546875,96.982879638671875,92.52989387645275,0.415,0.2,0.3223284924677577,0.6776715075322424,34152,188680,0.18100487598049608,83.09404088580835
Nanumba South,GHA9.8_2,Northern,nanumba south,1796.9309014465769,148.79318237304688,149.2187018441972,36.023406982421875,1232.099365234375,97.19632720947266,96.76409488598962,0.46299999999999997,0.2,0.2811386150782921,0.7188613849217079,21026,106374,0.19766108259537105,59.19760181894925
Saboba,GHA9.9_2,Northern,saboba,1758.4740831880763,136.51161193847656,134.51539222520665,22.46982765197754,1133.914063,88.59951019,83.76692042101445,0.46,0.2,0.4388822875541416,0.5611177124458584,14314,95683,0.1495981522318489,54.41251646230051
Sagnerigu,GHA9.10_2,Northern,sagnarigu,201.3444412345442,167.7723388671875,165.94655389175938,16.74759292602539,1084.9105224609375,21.50415802001953,19.820135074247073,0.187,0.1,0.6631406190650241,0.3368593809349759,52074,341711,0.15239193353447797,1697.1464317802752
Savelugu,GHA9.11_2,Northern,savelugu,1553.198091807525,130.96466064453125,127.70779717509032,16.351699829101563,1047.3228759765625,54.15247344970703,44.76819862441702,0.41100000000000003,0.2,0.3785494127405101,0.6214505872594899,20782,122888,0.16911333897532713,79.11933490530484
Tamale,GHA9.12_2,Northern,tamale metropolitan area,649.8820135469352,138.32611083984375,136.82124964106697,17.874528884887695,1101.0213623046875,41.956417083740234,38.29035888425579,0.21,0.1,0.597146036,0.402853964,56176,374744,0.1499050018145721,576.6338999824244
Tatale Sanguli,GHA9.13_2,Northern,tatale sanguli,1094.8347962831092,158.80686950683594,157.3000101993785,34.43793869018555,1217.0052490234375,139.8634796142578,132.07108892115102,0.524,0.2,0.29953112700639994,0.7004688729936001,13262,74805,0.17728761446427377,68.32537680932134
Tolon,GHA9.14_2,Northern,tolon,1359.8889998331072,130.21267700195313,126.71845299922593,20.659257888793945,1042.6361083984375,116.61663818359375,117.29563806118453,0.575,0.3,0.27810818774075974,0.7218918122592403,22024,118090,0.18650182064527054,86.83796987437404
Yendi,GHA9.15_2,Northern,yendi,1452.5862313893688,159.2651824951172,155.9861217124776,34.111732482910156,1173.545654296875,39.944610595703125,35.93730249428074,0.38299999999999995,0.2,0.4254117419884302,0.5745882580115698,25007,154421,0.16194041,106.3076302549691
Zabzugu,GHA9.16_2,Northern,zabzugu,1104.6706666451882,143.3247833251953,145.26188497655255,30.20509147644043,1209.4071044921875,117.5629653930664,120.7542515989889,0.42700000000000005,0.2,0.2687663211205191,0.7312336788794809,16295,82846,0.19669024455012915,74.99610743860686
Biakoye,GHA10.1_2,Oti,biakoye,1110.5862611686036,179.1686553955078,121.73598710326685,144.3200225830078,1409.05957,96.623016357421875,87.48457505019948,0.342,0.1,0.6294808914052471,0.3705191085947529,9015,71827,0.12550990574575022,64.67485013223623
Jasikan,GHA10.2_2,Oti,jasikan,558.0792474457912,266.4753723144531,264.1877944313498,100.3513412475586,1516.2105712890625,54.55869674682617,51.99988002535071,0.302,0.1,0.7171595095612171,0.2828404904387829,6874,59695,0.11515202278247759,106.96509550070387
Kadjebi,GHA10.3_2,Oti,kadjebi,692.6952431978642,247.0170135498047,220.43922926681586,102.08104705810547,1442.220215,66.93171691894531,60.875134073420845,0.272,0.1,0.6599948637282912,0.3400051362717088,9636,73959,0.1302884030341135,106.76989733402003
Krachi East,GHA10.4_2,Oti,krachi east,2771.228593,122.79267883300781,92.30097879057678,88.83528900146484,1330.884033203125,192.7661895751953,178.95519350002408,0.41200000000000003,0.2,0.46269174008318054,0.5373082599168195,16454,110435,0.14899262009326752,39.85055591649136
Krachi Nchumuru,GHA10.5_2,Oti,krachi nchumuru,1200.228477795757,120.28538513183594,117.62257020314034,33.40519332885742,1265.763184,201.7558594,194.92714939622485,0.47200000000000003,0.2,0.4149885916420379,0.5850114083579621,12143,79934,0.1519128280831686,66.59898634200077
Krachi West,GHA10.6_2,Oti,krachi west,932.4779631,103.98600006103516,96.59704389,29.862079620361328,1284.4415283203125,258.83746337890625,253.80824402710772,0.374,0.2,0.5136687031165417,0.48633129688345833,7617,61128,0.12460738123282293,65.55436419636231
Nkwanta North,GHA10.7_2,Oti,nkwanta north,1103.565635693982,133.29698181152344,134.54513277499663,31.47582244873047,1231.0516357421875,108.71865844726563,105.98279480323063,0.552,0.2,0.30584226876440523,0.6941577312355948,22106,126096,0.17531087425453623,114.26234735979614
Nkwanta South,GHA10.8_2,Oti,nkwanta south,2744.1207365437676,274.2920837402344,199.3090410062351,179.3457794189453,1295.3905029296875,138.9358367919922,136.31211822568793,0.428,0.2,0.4541745134965474,0.5458254865034526,20151,135936,0.14823887711864406,49.53717895489249
Bole,GHA11.1_2,Savannah,bole,6195.048312,207.94366455078125,214.1317186979479,65.575286865234375,1041.987548828125,192.77748107910156,188.3240200513492,0.37200000000000005,0.2,0.4064508675377053,0.5935491324622947,17208,115800,0.14860103626943005,18.692348172363698
Central Gonja,GHA11.2_2,Savannah,central gonja,7589.712891323904,132.7281951904297,120.62659914993962,45.27587891,1078.7987060546875,165.1318359,161.86085386295034,0.618,0.3,0.25746998300407536,0.7425300169959246,27891,142762,0.19536711449825583,18.80993418910441
East Gonja,GHA11.3_2,Savannah,east gonja,2263.892114449526,118.7409439086914,120.19533547360436,20.11863136291504,1138.162841796875,285.5627136230469,287.89902441163275,0.38799999999999996,0.2,0.36700594345852683,0.6329940565414731,18510,117755,0.15719077746167892,52.01440441813305
North East Gonja,GHA11.4_2,Savannah,north east gonja,6114.859091,126.8919906616211,126.56608453764453,28.040292739868164,1171.552246,165.45423889160156,162.58757027398448,0.604,0.3,0.19821410382643534,0.8017858961735647,8375,39404,0.2125418739214293,6.443975145914859
North Gonja,GHA11.5_2,Savannah,north gonja,4867.349245013536,233.1509246826172,214.06494355414912,95.65470123291016,1033.5074462890625,243.00296020507813,212.45020469719515,0.584,0.3,0.2271203486423064,0.7728796513576937,11424,61443,0.1859284214637957,12.623503452715385
Sawla-Tuna-Kalba,GHA11.6_2,Savannah,sawla tuna kalba,4244.089362173821,274.1484069824219,275.2077724247961,42.979679107666016,1006.4276123046875,253.7823944091797,237.65341444398408,0.542,0.3,0.2793291221956001,0.720670878,17402,112664,0.15445927714265426,26.546095142137517
West Gonja,GHA11.7_2,Savannah,west gonja,4736.721297001046,196.83872985839844,195.1173425881317,54.497047424316406,1031.892333984375,209.63507080078125,199.93530325813566,0.397,0.2,0.5130795081341175,0.4869204918658825,9108,63449,0.14354836167630697,13.395130517848154
Bawku,GHA12.1_2,Upper East,bawku,248.30191784882334,217.21722412109375,216.3334951223653,18.78365135192871,904.7879638671875,26.287954330444336,19.740709520676276,0.23600000000000002,0.1,0.5024520597301734,0.4975479402698266,15835,119458,0.1325570493395168,481.09978785073685
Bawku West,GHA12.2_2,Upper East,bawku west,1075.8938336049498,204.10206604003906,202.29255067078287,27.332565307617188,951.9808349609375,89.35801696777344,86.03244600002549,0.47600000000000003,0.2,0.37791713102347013,0.6220828689765299,19646,144189,0.13625172516627482,134.01787006890103
Binduri,GHA12.3_2,Upper East,binduri,393.61679261951724,201.15357971191406,199.5326568449392,20.293813705444336,920.07843017578125,46.09707260131836,40.15854493266566,0.5379999999999999,0.3,0.37641247298548935,0.6235875270145106,9701,76679,0.1265144302873016,194.80622127349227
Bolga East,GHA12.4_2,Upper East,bolgatanga east,72.14528719413865,202.47596740722656,204.17665927267197,18.525907516479492,986.0825195,11.723214149475098,9.796338903,0.249,0.1,0.6234188651969642,0.3765811348030358,4558,38824,0.11740160725324542,538.1363289
Bolgatanga,GHA12.5_2,Upper East,bolgatanga,326.73281071600223,176.81297302246094,175.79038123756956,16.655454635620117,978.79486083984375,26.915651321411133,19.039960082463132,0.20199999999999999,0.1,0.6662281572676727,0.3337718427323273,17368,142509,0.12187300451199573,436.16372560718895
Bongo,GHA12.6_2,Upper East,bongo,416.6189424435103,226.05062866210938,227.0688542,19.45597267150879,954.4151611328125,42.541236877441406,38.165455418208914,0.54,0.3,0.47125314124673157,0.5287468587532684,15085,116431,0.12956171466362051,279.4664095615071
Builsa North,GHA12.7_2,Upper East,builsa north,820.1149034438017,182.7994384765625,182.0176542,20.49129295349121,978.84783935546875,92.50062561035156,84.13526073193039,0.397,0.2,0.5344148749768094,0.4655851250231906,6604,56571,0.11673825811811706,68.97935857822942
Builsa South,GHA12.8_2,Upper East,builsa south,1246.9780711509034,175.14256286621094,172.07388676102002,28.00384521484375,990.46820068359375,131.42010498046875,126.10364470168264,0.551,0.3,0.39495417300903585,0.6050458269909642,4693,36575,0.12831168831168832,29.330908735422234
Garu,GHA12.9_2,Upper East,garu,678.1315898,210.2903594970703,210.51979590012687,23.276660919189453,967.25177001953125,68.20442962646484,64.61948184,0.447,0.2,0.38922274646138566,0.6107772535386143,9245,71774,0.12880708891799258,105.8408147898707
Kasena Nankana East,GHA12.10_2,Upper East,kasena nankana,770.5062866,170.4357452392578,170.38563533630017,20.998703002929688,971.0302734,64.80308532714844,60.16728839,0.33799999999999997,0.2,0.620723306,0.37927669412270404,11494,99895,0.11506081385454728,129.64852038237086
Kasena Nankana West,GHA12.11_2,Upper East,kasena nankana west,876.7327999,237.8621826171875,231.53985086227755,37.318119049072266,965.6060791015625,93.7660141,85.01783387,0.536,0.3,0.5149531010471068,0.4850468989528932,11414,90735,0.12579489722819198,103.49219284230233
Nabdam,GHA12.12_2,Upper East,nabdam,246.0357359842622,228.40928649902344,225.60089459119388,25.628276824951172,969.4197998046875,50.23887634277344,48.17629521601768,0.6859999999999999,0.4,0.460199059,0.539800941,5974,53039,0.11263409943626389,215.57437494930682
Pusiga,GHA12.13_2,Upper East,pusiga,256.8340305424044,237.80178833007813,236.80510187276545,20.19734764099121,912.63677978515625,30.803119659423828,29.237944399334808,0.408,0.2,0.32615530187412245,0.6738446981258776,12290,80533,0.1526082475506935,313.56047261308566
Talensi,GHA12.14_2,Upper East,talensi,842.1564482073081,185.19259643554688,180.91040374545213,30.720598220825195,993.5317383,66.89123535,62.90676798613171,0.562,0.3,0.5185396695900469,0.48146033040995306,11293,87021,0.129773273,103.33115680018948
Tempane,GHA12.15_2,Upper East,tempane,387.35000695209567,233.9855499267578,235.74130557421697,18.041065216064453,951.57635498046875,53.06461715698242,51.21360574,0.507,0.2,0.3436286524744568,0.6563713475255433,11807,86993,0.13572356396491672,224.58499661459564
Daffiama-Bussie-Issa,GHA13.1_2,Upper West,daffiama bussie issa,1462.0169663920442,282.91400146484375,282.4524697216017,29.868640899658203,951.10980224609375,275.6184082,273.8158303505733,0.387,0.2,0.3346907296004936,0.6653092703995064,5276,38754,0.1361407854673066,26.507216325701656
Jirapa,GHA13.2_2,Upper West,jirapa,1193.0609443540689,289.0742492675781,289.93927962613213,21.37493133544922,911.16107177734375,266.61981201171875,265.93543037704126,0.501,0.2,0.4231689742138041,0.5768310257861959,11114,91279,0.1217585644014505,76.50824581255492
Lambussie-Karni,GHA13.3_2,Upper West,lambussie karni,814.9025868372062,300.94342041015625,300.8925307070083,19.28436279296875,911.8254395,249.76007080078125,252.40773152518577,0.442,0.2,0.40000935803855514,0.5999906419614449,6887,51118,0.13472749325090966,62.72897009493957
Lawra,GHA13.4_2,Upper West,lawra,529.2368073,266.4943542480469,265.9120749555764,17.414886474609375,902.2894287109375,247.0679168701172,244.7730955550084,0.395,0.2,0.46031968592260236,0.5396803140773976,6893,58433,0.11796416408536273,110.40993218815491
Nadowli-Kaleo,GHA13.5_2,Upper West,nadowli kaleo,1136.2779002204466,285.965332,284.4743323,27.314882278442383,934.8717041015625,252.32904052734375,248.11560781442486,0.406,0.2,0.4753399790782106,0.5246600209217894,9925,77057,0.128800758,67.81527651382673
Nandom,GHA13.6_2,Upper West,nandom,406.05185560298264,267.3421936035156,266.0601921,17.696666717529297,911.7380371,222.5150146484375,220.61056654308837,0.318,0.1,0.48713624866121275,0.5128637513387873,6010,51328,0.11709008728179551,126.40750015482251
Sissala East,GHA13.7_2,Upper West,sissala east,5114.880264240658,275.08013916015625,280.93641267143306,42.06768035888672,986.963623,200.690918,197.86377704126062,0.28800000000000003,0.1,0.43866334679500807,0.5613366532049919,12306,80619,0.15264391768689764,15.761659283331921
Sissala West,GHA13.8_2,Upper West,sissala west,2058.614571462229,294.3809814453125,293.82179217199206,27.663244247436523,938.5032958984375,236.99366760253906,238.14886506143293,0.32299999999999995,0.1,0.38981588032220943,0.6101841196777906,9743,63828,0.15264460738234004,31.005318278041297
Wa East,GHA13.10_2,Upper West,wa east,4315.34189,251.68370056152344,247.16604829756034,48.90190124511719,990.4991455078125,278.5890197753906,276.6940327,0.48700000000000004,0.2,0.2867919977488644,0.7132080022511356,14026,91457,0.15336168909979553,21.193454036699507
Wa Municipal,GHA13.9_2,Upper West,wa,582.140032,311.6645812988281,312.20324120796784,22.335269927978516,983.0302734,224.4287109,223.79730961409297,0.165,0.1,0.6768541858189259,0.32314581418107413,25987,200672,0.1294998804018498,344.71431094709806
Wa West,GHA13.11_2,Upper West,wa west,1497.6482483553154,271.5278015136719,270.77021485057213,24.217599868774414,988.1241455078125,242.93043518066406,243.0666810424483,0.619,0.3,0.3241538707416924,0.6758461292583076,12803,96957,0.13204822756479676,64.73950081835041
Adaklu,GHA14.1_2,Volta,adaklu,804.1013891174575,68.67796325683594,67.15798741,23.938032150268555,1152.7078857421875,74.64029693603516,70.0137341,0.332,0.1,0.6660829660044684,0.33391703399553163,4514,38649,0.11679474242541851,48.064834264767605
Afadzato South,GHA14.2_2,Volta,afadzato south,555.3404538367881,200.76638793945313,153.28296396356134,142.2060547,1361.213379,42.24943161010742,38.30317427418513,0.325,0.1,0.7769216164045442,0.22307838359545584,8147,73146,0.11137997976649441,131.71379735555382
Agotime Ziope,GHA14.3_2,Volta,agortime ziope,316.89820533555564,74.98138427734375,75.02002640413357,13.706639289855957,1135.4581298828125,79.08750915527344,84.71052528514662,0.257,0.1,0.6512657674716695,0.34873423252833047,4282,39553,0.10825980330189872,124.81295044924066
Akatsi North,GHA14.4_2,Volta,akatsi north,315.3353167929643,62.46680832,60.80033097827792,16.751466751098633,1042.7874755859375,162.42237854003906,161.07915743684597,0.39299999999999996,0.2,0.5869959140166993,0.41300408598330074,3717,32755,0.11347885818958937,103.87355381923659
Akatsi South,GHA14.5_2,Volta,akatsi south,538.0613143544646,31.114011764526367,31.831766653158066,18.316463470458984,1019.7115478515625,138.89353942871094,135.49585803237133,0.301,0.1,0.6623850440952609,0.3376149559047391,10161,92133,0.11028621666503859,171.23141460288025
Anloga,GHA14.6_2,Volta,anloga,237.21038178064967,0.7648009657859802,0.6654930670915779,1.6655737161636353,928.4981689453125,165.7599639892578,165.0659107898302,0.316,0.1,0.6467405743545154,0.3532594256454846,9781,94895,0.10307181621792508,400.04572855394736
Central Tongu,GHA14.7_2,Volta,central tongu,684.8488424637454,36.81505203,37.962541422469705,19.458032608032227,1074.786865234375,112.40742492675781,107.06181879855014,0.36,0.2,0.5918170238378522,0.4081829761621478,9572,83284,0.11493203976754239,121.60931702882873
Ho Municipal,GHA14.8_2,Volta,ho,576.0122316331137,173.93161010742188,155.19439912684075,74.98320007324219,1285.3729248046875,35.30113602,29.457676446536674,0.125,0.1,0.8804593657335277,0.11954063426647232,16731,180142,0.092876731,312.73988659799846
Ho West,GHA14.9_2,Volta,ho west,1007.0747100573483,172.9593048095703,110.44935307718035,158.0618896484375,1280.7872314453125,83.16596984863281,63.431914968240726,0.27899999999999997,0.1,0.7837845281044311,0.2162154718955689,8691,83172,0.10449430096667148,82.58771586
Hohoe,GHA14.10_2,Volta,hohoe,686.9766097534965,280.02984619140625,247.9961629373257,132.4995574951172,1484.7362060546875,39.691307067871094,35.34865567722437,0.188,0.1,0.8146377381708879,0.18536226182911208,12205,114472,0.10661995946607031,166.63158304774782
Keta Municipal,GHA14.11_2,Volta,keta,518.7177627387615,3.380154848098755,1.6058705926443952,5.728371620178223,943.9761962890625,161.91529846191406,163.12519059987142,0.252,0.1,0.7139165583946875,0.2860834416053125,7697,78862,0.097600872,152.0325804607481
Ketu North,GHA14.12_2,Volta,ketu north,425.31277786132046,32.91273880004883,32.44125056877774,16.224742889404297,1011.8116455078125,145.75375366210938,146.07384888996543,0.272,0.1,0.6325739558137417,0.36742604418625835,13095,114993,0.11387649683024184,270.3727844205404
Ketu South,GHA14.13_2,Volta,ketu south,279.29480111503545,12.492998123168945,9.622914275,9.956401824951172,973.92913818359375,121.63129425048828,121.42153107577106,0.256,0.1,0.6464295340688347,0.35357046593116526,30691,253122,0.12124983209677546,906.2896945788281
Kpando,GHA14.14_2,Volta,kpando,315.4125308824545,111.33484649658203,112.94170232779113,34.72851563,1287.22998,72.38053894042969,59.97153831581675,0.23399999999999999,0.1,0.7855093956719418,0.21449060432805822,5882,58552,0.1004577128022954,185.63625178804548
North Dayi,GHA14.15_2,Volta,north dayi,464.74380934685655,118.3119888305664,87.91725525158286,69.83486176,1265.065673828125,90.31967926,90.59967986296428,0.301,0.1,0.7794920966992097,0.2205079033007903,3907,39268,0.099495773,84.49386352275809
North Tongu,GHA14.16_2,Volta,north tongu,1136.5885537730858,30.59104347229004,27.937904100598477,20.752666473388672,1110.2098388671875,125.04582977294922,118.24573090570729,0.384,0.2,0.6359093228989452,0.3640906771010548,14114,111410,0.12668521676689704,98.02139888718469
South Dayi,GHA14.17_2,Volta,south dayi,359.7530068,149.05348205566406,113.54702763381756,91.29107666015625,1264.785645,86.66553497314453,65.52641278226987,0.29,0.1,0.7551469558432204,0.24485304415677955,6177,57518,0.1073924684446608,159.88191596348688
South Tongu,GHA14.18_2,Volta,south tongu,646.1562648348638,8.720300674438477,3.9340071820480893,10.729730606079102,999.7302246,130.58770751953125,125.02444996966149,0.324,0.1,0.6657019856636731,0.3342980143363269,12838,113114,0.11349611895963364,175.05672568060328
Ahanta West,GHA15.1_2,Western,ahanta west,556.7794671514299,37.05782699584961,29.20140597967259,29.58106803894043,1553.981445,151.8085174560547,146.01196993921093,0.272,0.1,0.7077146348915369,0.29228536510846315,17713,153140,0.11566540420530234,275.0460622829502
Effia Kwesimintsim,GHA15.2_2,Western,effia kwesimintsim,105.36847424500817,29.34805679321289,26.928882026110987,14.489951133728027,1576.760498046875,128.90354919433594,126.75177795440624,0.093,0,0.8974752543440188,0.10252474565598124,17400,173975,0.10001437,1651.1105550932095
Ellembelle,GHA15.3_2,Western,ellembelle,1000.0960243044703,59.009796142578125,53.738173144775494,38.43358231,1768.575439453125,278.37164306640625,252.2799628717741,0.33299999999999996,0.1,0.6902535804467149,0.3097464195532851,14668,120893,0.12133043269668219,120.88139244836674
Jomoro,GHA15.4_2,Western,jomoro,1501.4498321203816,55.92424774169922,46.50480725722051,38.30630111694336,1872.634277,261.5924987792969,247.21092784573807,0.312,0.1,0.6615964977645306,0.33840350223546944,15366,126576,0.12139742131209708,84.30251700201431
Mpohor,GHA15.5_2,Western,mpohor,526.9810571531286,63.31778335571289,61.95996469638344,23.399019241333008,1636.700684,163.77862548828125,160.09158249250203,0.314,0.1,0.6953673373888629,0.3046326626111371,5831,52028,0.11207426770200661,98.72840645
Nzema East,GHA15.6_2,Western,nzema east,1088.756852195399,56.717037200927734,50.27083386569903,33.89065933227539,1713.269287109375,290.7871094,247.00575822504814,0.382,0.2,0.5935943682364542,0.4064056317635458,11702,94621,0.12367233489394532,86.90737496549724
Prestea-Huni Valley,GHA15.7_2,Western,prestea/huni valley,1817.4639614987448,90.19673919677734,84.65684449647367,39.230369567871094,1702.9720458984375,189.35736083984375,182.14464541765958,0.295,0.1,0.6968046850919553,0.30319531490804474,28332,229301,0.12355811793232475,126.16536275685506
Sekondi Takoradi,GHA15.8_2,Western,sekondi takoradi metropolitan area,87.20065416502426,30.014123916625977,32.70746391221935,15.402832984924316,1548.5357666015625,114.77400970458984,112.57754125955191,0.10400000000000001,0,0.890000186,0.10999981418165605,23556,245382,0.095997261,2813.992651197581
Shama,GHA15.9_2,Western,shama,194.59328107702837,21.180269241333008,19.151611765358457,14.106988906860352,1517.485595703125,111.65269470214844,109.2091074721343,0.22,0.1,0.7539857615562018,0.24601423844379822,14136,117224,0.12058964034668669,602.4051773586042
Tarkwa Nsuaem,GHA15.10_2,Western,tarkwa nsuaem,909.3725879680289,81.132171630859375,73.70287626862397,32.96241760253906,1717.8355712890625,201.35813903808594,191.14279622457772,0.182,0.1,0.7932796695440343,0.20672033045596572,24517,219109,0.11189408011537637,240.9452438956773
Wassa Amenfi Central,GHA15.11_2,Western,wassa amenfi central,1853.9668013984453,116.08162689208984,116.4804324779568,30.950027465820313,1616.790283203125,198.0938262939453,180.36531651390877,0.376,0.2,0.5941095213607994,0.4058904786392006,15529,117999,0.13160281019330672,63.64677076
Wassa Amenfi East,GHA15.12_2,Western,wassa amenfi east,1564.9534392684518,126.2804183959961,116.10255559910725,54.507164001464844,1490.2762451171875,136.47471618652344,122.63592124319092,0.355,0.2,0.6220784477580759,0.37792155224192414,21728,179696,0.12091532365773305,114.82514143296181
Wassa Amenfi West,GHA15.13_2,Western,wassa amenfi west,1454.635972049192,110.32536315917969,106.72166428554637,38.29001998901367,1674.0181884765625,247.13633728027344,238.4919264201664,0.249,0.1,0.6466702117112652,0.35332978828873485,16304,131000,0.12445801526717558,90.05689568879293
Wassa East,GHA15.14_2,Western,wassa east,1659.824462157596,92.08287811279297,89.55012483954577,33.30273438,1573.937744140625,192.6657715,172.3494250789263,0.38,0.2,0.6265132957006426,0.3734867042993574,12516,99641,0.12561094328639816,60.03104681953973
Aowin,GHA16.1_2,Western North,aowin,2620.492692092326,133.1461639404297,119.20439882649109,58.27850341796875,1703.6563720703125,250.74044799804688,230.25491770374808,0.371,0.2,0.5447370277611203,0.4552629722388797,16076,133257,0.12063906586520783,50.85188766300328
Bia East,GHA16.2_2,Western North,bia east,786.3121377668783,221.64471435546875,221.45112108880505,25.619443893432617,1271.598388671875,199.53811645507813,189.30409798107084,0.375,0.2,0.5659667462713468,0.4340332537286532,7192,53073,0.13551146534019182,67.49609658923363
Bia West,GHA16.3_2,Western North,bia west,1291.7411915580617,196.1895294189453,193.64294178868215,24.72132110595703,1341.948242,214.80392456054688,204.64408715393367,0.33299999999999996,0.1,0.561965481,0.438034519,15674,115881,0.13525944719151545,89.70914665981009
Bibiani-Anhwiaso-Bekwai-,GHA16.4_2,Western North,bibiani anhwiaso bekwai,837.3442203398749,190.67770385742188,175.55724917975874,67.02571868896484,1452.7364501953125,144.01437377929688,139.72358067496899,0.18899999999999997,0.1,0.7204452477023089,0.2795547522976911,20497,167971,0.1220270165683362,200.59970072023808
Bodi,GHA16.5_2,Western North,bodi,664.9085484243976,175.20840454101563,158.22249222841452,68.88825225830078,1529.3355712890625,145.5869598388672,140.98187768539606,0.258,0.1,0.597477349,0.402522651,7714,65748,0.11732676279126361,98.88277140638353
Juaboso,GHA16.6_2,Western North,juaboso,1374.985961011023,211.12657165527344,190.6260846823938,78.25679779052734,1442.321777,179.8445281982422,158.63401714530733,0.245,0.1,0.6096606607003583,0.3903393392996417,10719,88814,0.12069043168869772,64.59265950227982
Sefwi-Akontombra,GHA16.8_2,Western North,sefwi akontombra,1124.4428656388732,205.73455810546875,188.43659544587948,68.27441406,1596.517822265625,194.66958618164063,187.79595925661508,0.32899999999999996,0.1,0.6012725157742607,0.39872748422573934,8085,66689,0.12123438648052902,59.30848248
Sefwi-Wiawso,GHA16.7_2,Western North,sefwi wiawso,1015.7256581934138,189.3379364013672,179.4739538620828,46.28821563720703,1503.6199951171875,134.30081176757813,124.87772608740092,0.18600000000000003,0.1,0.7037803648786943,0.29621963512130567,17164,151220,0.11350350482740379,148.87878314402568
Suaman,GHA16.9_2,Western North,suaman,401.5771648049845,143.41612243652344,139.71405149437282,21.76351547241211,1553.7645263671875,167.74505615234375,150.78940139789194,0.245,0.1,0.6373506729169817,0.36264932708301834,4213,38268,0.11009198285774015,95.29426310528353
