time,year,label,district_id,district_name,district_code,region,name_clean,area_km2,elev_mean_pw,elev_mean_uw,travel_time_pw,travel_time_uw,rainfall_sep_dec,nightlights,temp_sep_dec,elev_std,rainfall_std,ntl_std,temp_std,travel_std,country
1,2011,DHS 2011-12,1,Abidjan,CIV.1.1.1_1,Abidjan,abidjan,2116.690886417332,43.13526153564453,43.235782623291016,108.65635681152344,114.41189575195313,575.2764892578125,3.257343053817749,8.751517295837402,-1.5273657940571386,0.822503452608826,5.2424782530120355,0.004495797961726931,-0.6206007486266525,CIV
2,2021,DHS 2021,1,Abidjan,CIV.1.1.1_1,Abidjan,abidjan,2116.690886417332,43.13526153564453,43.235782623291016,108.65635681152344,114.41189575195313,664.119384765625,7.135715484619141,8.89706802368164,-1.5273657940571386,1.4961416164039887,7.797760724497922,0.7801203607690865,-0.6206007486266525,CIV
1,2011,DHS 2011-12,2,Fresco,CIV.2.1.1_1,Gbôkle,fresco,1874.026642808,81.81778717041016,87.8304214477539,187.42959594726563,196.51918029785156,547.6632080078125,0.013023054227232933,8.669007301330566,-1.219221744870566,0.6131298164695844,-0.42233145668341737,-0.4351913088254592,0.5273460596620198,CIV
2,2021,DHS 2021,2,Fresco,CIV.2.1.1_1,Gbôkle,fresco,1874.026642808,81.81778717041016,87.8304214477539,187.42959594726563,196.51918029785156,638.14044189453125,0.04183105751872063,8.864211082458496,-1.219221744870566,1.2991601101958292,-0.31169192236242854,0.6050291671430327,0.5273460596620198,CIV
1,2011,DHS 2011-12,3,Sassandra,CIV.2.1.2_1,Gbôkle,sassandra,4323.71789674545,82.02912902832031,87.94157409667969,114.04048919677734,121.01095581054688,632.35247802734375,0.011521087028086185,8.627240180969238,-1.2175382008208848,1.2552737270549053,-0.4281858648433484,-0.6577639125478245,-0.542138854017935,CIV
2,2021,DHS 2021,3,Sassandra,CIV.2.1.2_1,Gbôkle,sassandra,4323.71789674545,82.02912902832031,87.94157409667969,114.04048919677734,121.01095581054688,629.09393310546875,0.045509371906518936,8.815465927124023,-1.2175382008208848,1.2305662903457661,-0.2977858101336035,0.34527134692974243,-0.542138854017935,CIV
1,2011,DHS 2011-12,4,Buyo,CIV.2.2.1_1,Nawa,buyo,2567.0106167117087,199.97216796875,200.5673370361328,229.74444580078125,228.87290954589844,592.24224853515625,0.02260822430253029,8.58875560760498,-0.2780068492327601,0.9511438223497647,-0.38517334488222305,-0.8628441676079289,1.1439919836521808,CIV
2,2021,DHS 2021,4,Buyo,CIV.2.2.1_1,Nawa,buyo,2567.0106167117087,199.97216796875,200.5673370361328,229.74444580078125,228.87290954589844,586.2779541015625,0.024428244680166245,8.774882316589355,-0.2780068492327601,0.9059204386721527,-0.3781571683991725,0.12900554294295696,1.1439919836521808,CIV
1,2011,DHS 2011-12,5,Guéyo,CIV.2.2.2_1,Nawa,guéyo,663.9732364796092,166.6810760498047,163.6051483154297,81.291107177734375,84.463104248046875,659.2498779296875,0.025226935744285583,8.612130165100098,-0.5432028698495343,1.45921929836382,-0.3750821496898775,-0.7382836023226249,-1.019389110255384,CIV
2,2021,DHS 2021,5,Guéyo,CIV.2.2.2_1,Nawa,guéyo,663.9732364796092,166.6810760498047,163.6051483154297,81.291107177734375,84.463104248046875,669.65826416015625,0.0926039069890976,8.751306533813477,-0.5432028698495343,1.5381393532346932,-0.1239417842951016,0.0033726692416921615,-1.019389110255384,CIV
1,2011,DHS 2011-12,6,Méagui,CIV.2.2.3_1,Nawa,méagui,556.5373539883578,114.09522247314453,112.18292999267578,49.445499420166016,51.12647247314453,738.71356201171875,0.07404337078332901,8.545187950134277,-0.9621004879637206,2.061740973591202,-0.191544267122527,-1.09501164473946,-1.4834688432255922,CIV
2,2021,DHS 2021,6,Méagui,CIV.2.2.3_1,Nawa,méagui,556.5373539883578,114.09522247314453,112.18292999267578,49.445499420166016,51.12647247314453,645.81817626953125,0.1500517725944519,8.694975852966309,-0.9621004879637206,1.3573753997462152,0.07824652262489334,-0.29680762083203494,-1.4834688432255922,CIV
1,2011,DHS 2011-12,7,Oupoyo,CIV.2.2.4_1,Nawa,oupoyo,808.1365813577623,135.04833984375,139.60586547851563,69.12137603759766,75.82608795166016,680.5048828125,0.032234616577625275,8.577070236206055,-0.7951884695856579,1.6203822408689519,-0.3482043332162571,-0.9251142861897661,-1.1967361912352297,CIV
2,2021,DHS 2021,7,Oupoyo,CIV.2.2.4_1,Nawa,oupoyo,808.1365813577623,135.04833984375,139.60586547851563,69.12137603759766,75.82608795166016,656.202392578125,0.08002346009016037,8.723443031311035,-0.7951884695856579,1.436112189746016,-0.16963643866070052,-0.1451090131712302,-1.1967361912352297,CIV
1,2011,DHS 2011-12,8,Soubré,CIV.2.2.5_1,Nawa,soubré,4572.198792357335,170.10787963867188,173.80323791503906,78.6751480102539,106.92366027832031,596.80059814453125,0.08070066571235657,8.605281829833984,-0.5159050366208893,0.9857068365699142,-0.16716317186139784,-0.7747776626781437,-1.0575109649597203,CIV
2,2021,DHS 2021,8,Soubré,CIV.2.2.5_1,Nawa,soubré,4572.198792357335,170.10787963867188,173.80323791503906,78.6751480102539,106.92366027832031,601.69110107421875,0.17811855673789978,8.751202583312988,-0.5159050366208893,1.022788354397075,0.17338334988862106,0.002818727927285873,-1.0575109649597203,CIV
1,2011,DHS 2011-12,9,San-Pedro,CIV.2.3.1_1,San-Pédro,san pedro,6786.5077061000275,68.10578918457031,88.9302749633789,85.262786865234375,121.64921569824219,735.121826171875,0.05494685098528862,8.50560474395752,-1.3284511840671986,2.0345071658437175,-0.2623293798301998,-1.305946398828886,-0.9615106089923597,CIV
2,2021,DHS 2021,9,San-Pedro,CIV.2.3.1_1,San-Pédro,san pedro,6786.5077061000275,68.10578918457031,88.9302749633789,85.262786865234375,121.64921569824219,660.2109375,0.2037828266620636,8.686522483825684,-1.3284511840671986,1.4665063909393443,0.25841324912421737,-0.34185473836320324,-0.9615106089923597,CIV
1,2011,DHS 2011-12,10,Tabou,CIV.2.3.2_1,San-Pédro,tabou,5750.641139166368,NA,118.85134887695313,NA,265.1634216308594,974.26800537109375,0.010988065972924232,8.433897972106934,NA,3.8477978303766434,-0.430265578762904,-1.688064265161077,NA,CIV
2,2021,DHS 2021,10,Tabou,CIV.2.3.2_1,San-Pédro,tabou,5750.641139166368,NA,118.85134887695313,NA,265.1634216308594,887.03790283203125,0.012727818451821804,8.6572265625,NA,3.1863884316148643,-0.4234815489157413,-0.4979696304480361,NA,CIV
1,2011,DHS 2011-12,11,Abengourou,CIV.3.1.1_1,Indénié-Djuablin,abengourou,4152.602241307591,172.41334533691406,173.36599731445313,187.89691162109375,195.32467651367188,444.88934326171875,0.08569549769163132,8.761618614196777,-0.49753975348956714,-0.1661378687850342,-0.14896894963975735,0.058324664036877485,0.5341561583975796,CIV
2,2021,DHS 2021,11,Abengourou,CIV.3.1.1_1,Indénié-Djuablin,abengourou,4152.602241307591,172.41334533691406,173.36599731445313,187.89691162109375,195.32467651367188,534.48394775390625,0.17397934198379517,8.931914329528809,-0.49753975348956714,0.5132000176165149,0.15949621245994555,0.9658126698249707,0.5341561583975796,CIV
1,2011,DHS 2011-12,12,Agnibilékrou,CIV.3.1.2_1,Indénié-Djuablin,agnibilékrou,1898.378439589629,212.00437927246094,208.9351806640625,197.22308349609375,196.18421936035156,419.62066650390625,0.062386058270931244,8.746757507324219,-0.18215854949139795,-0.35773388685008556,-0.23460326491295477,-0.020868615801592216,0.6700646135394244,CIV
2,2021,DHS 2021,12,Agnibilékrou,CIV.3.1.2_1,Indénié-Djuablin,agnibilékrou,1898.378439589629,212.00437927246094,208.9351806640625,197.22308349609375,196.18421936035156,474.2931823730469,0.13549558818340302,8.86461353302002,-0.18215854949139795,0.0568124084911231,0.027987629993208682,0.6071737839749543,0.6700646135394244,CIV
1,2011,DHS 2011-12,13,Bettié,CIV.3.1.3_1,Indénié-Djuablin,bettié,974.2510576371708,139.455322265625,138.28663635253906,272.21490478515625,299.1929931640625,531.6517333984375,0.01595723070204258,8.7436676025390625,-0.7600825558458857,0.49172516960546037,-0.41091954437129447,-0.03733439432155897,1.7629055686788873,CIV
2,2021,DHS 2021,13,Bettié,CIV.3.1.3_1,Indénié-Djuablin,bettié,974.2510576371708,139.455322265625,138.28663635253906,272.21490478515625,299.1929931640625,628.134033203125,0.04382966086268425,8.900845527648926,-0.7600825558458857,1.2232879907817324,-0.30412998979031025,0.8002502832127866,1.7629055686788873,CIV
1,2011,DHS 2011-12,14,Aboisso,CIV.3.2.1_1,Sud Comoé,aboisso,1237.9564531993162,56.76905059814453,57.8210334777832,188.63893127441406,192.21458435058594,555.3052978515625,0.1048227995634079,8.699703216552734,-1.4187593652230661,0.6710748366141464,-0.08006127658261794,-0.2716159961025673,0.5449694638051267,CIV
2,2021,DHS 2021,14,Aboisso,CIV.3.2.1_1,Sud Comoé,aboisso,1237.9564531993162,56.76905059814453,57.8210334777832,188.63893127441406,192.21458435058594,722.88037109375,0.3013477623462677,8.838342666625977,-1.4187593652230661,1.9416881365462768,0.5659045509473585,0.46717909234238514,0.5449694638051267,CIV
1,2011,DHS 2011-12,15,Adiake,CIV.3.2.2_1,Sud Comoé,adiake,639.0793254983041,32.385765075683594,26.406536102294922,208.3975067138672,214.55374145507813,555.38555908203125,0.14887270331382751,8.681748390197754,-1.6129960188559067,0.6716834055673291,0.07419923212143505,-0.36729538258263333,0.832907269345481,CIV
2,2021,DHS 2021,15,Adiake,CIV.3.2.2_1,Sud Comoé,adiake,639.0793254983041,32.385765075683594,26.406536102294922,208.3975067138672,214.55374145507813,706.28106689453125,0.7798745036125183,8.816927909851074,-1.6129960188559067,1.8158263584364474,1.801458139936367,0.35306209954428225,0.832907269345481,CIV
1,2011,DHS 2011-12,16,Ayame,CIV.3.2.3_1,Sud Comoé,ayame,1943.0606072296946,125.75875091552734,125.87567138671875,246.1612091064453,262.31414794921875,552.43060302734375,0.026012560352683067,8.730085372924805,-0.8691891068410652,0.6492778867084796,-0.3720597739874868,-0.10971267138370909,1.3832302230077178,CIV
2,2021,DHS 2021,16,Ayame,CIV.3.2.3_1,Sud Comoé,ayame,1943.0606072296946,125.75875091552734,125.87567138671875,246.1612091064453,262.31414794921875,693.9078369140625,0.03635423257946968,8.877156257629395,-0.8691891068410652,1.7220081653595989,-0.3324886650256332,0.6740126478930415,1.3832302230077178,CIV
1,2011,DHS 2011-12,17,Bonoua,CIV.3.2.4_1,Sud Comoé,bonoua,1265.174997334483,60.20207214355469,61.174922943115234,183.16256713867188,181.2647247314453,530.192626953125,0.13992156088352203,8.725279808044434,-1.3914119999053094,0.4806617099896539,0.04333726210863882,-0.1353210226065833,0.4651634941684235,CIV
2,2021,DHS 2021,17,Bonoua,CIV.3.2.4_1,Sud Comoé,bonoua,1265.174997334483,60.20207214355469,61.174922943115234,183.16256713867188,181.2647247314453,700.04339599609375,0.3731577694416046,8.869184494018555,-1.3914119999053094,1.7685301379973866,0.7778360861831113,0.6315319557176088,0.4651634941684235,CIV
1,2011,DHS 2011-12,18,Grand-Bassam,CIV.3.2.5_1,Sud Comoé,grand bassam,128.04025813214346,7.1640625,7.05900764465332,127.09680938720703,130.0384979248047,516.75616455078125,1.6451603174209595,8.7193756103515625,-1.8139114821436917,0.37878171374592895,3.3646847398285034,-0.16678387285877902,-0.3518716864488647,CIV
2,2021,DHS 2021,18,Grand-Bassam,CIV.3.2.5_1,Sud Comoé,grand bassam,128.04025813214346,7.1640625,7.05900764465332,127.09680938720703,130.0384979248047,675.9591064453125,7.755216598510742,8.868124961853027,-1.8139114821436917,1.5859145614049663,8.087317040357618,0.6258858199349906,-0.3518716864488647,CIV
1,2011,DHS 2011-12,19,Mafere,CIV.3.2.6_1,Sud Comoé,mafere,1371.4109648962228,85.94116973876953,89.14298248291016,228.6772003173828,232.3251953125,599.16107177734375,0.046843022108078,8.70224380493164,-1.1863749805988544,1.0036047800645054,-0.2927559387151949,-0.2580774670972613,1.128439226652858,CIV
2,2021,DHS 2021,19,Mafere,CIV.3.2.6_1,Sud Comoé,mafere,1371.4109648962228,85.94116973876953,89.14298248291016,228.6772003173828,232.3251953125,766.53594970703125,0.0980839729309082,8.835522651672363,-1.1863749805988544,2.2727001285392676,-0.10420138630409148,0.4521515284277118,1.128439226652858,CIV
1,2011,DHS 2011-12,20,Tiapoum,CIV.3.2.7_1,Sud Comoé,tiapoum,1034.9996991955886,41.7281494140625,39.422637939453125,241.7499542236328,247.8311309814453,588.79034423828125,0.032709915190935135,8.691044807434082,-1.538574814659819,0.9249702666720456,-0.3463879483103749,-0.317755750171326,1.3189458795069215,CIV
2,2021,DHS 2021,20,Tiapoum,CIV.3.2.7_1,Sud Comoé,tiapoum,1034.9996991955886,41.7281494140625,39.422637939453125,241.7499542236328,247.8311309814453,788.93548583984375,0.12025972455739975,8.814972877502441,-1.538574814659819,2.4425413105957925,-0.025312885780750135,0.3426439372091181,1.3189458795069215,CIV
1,2011,DHS 2011-12,21,Kaniasso,CIV.4.1.1_1,Folon,kaniasso,3763.99664242536,393.0601501464844,403.0308532714844,264.8601989746094,266.183837890625,402.45526123046875,0.0023387467954307795,8.600154876708984,1.2601272746683345,-0.48788804293768645,-0.4641671664565226,-0.8020986581483108,1.655726897930427,CIV
2,2021,DHS 2021,21,Kaniasso,CIV.4.1.1_1,Folon,kaniasso,3763.99664242536,393.0601501464844,403.0308532714844,264.8601989746094,266.183837890625,299.9046630859375,0.030181599780917168,8.747819900512695,1.2601272746683345,-1.2654628420852767,-0.35605969245360586,-0.015207233927751798,1.655726897930427,CIV
1,2011,DHS 2011-12,22,Minignan,CIV.4.1.2_1,Folon,minignan,3440.898770625069,406.7735290527344,405.8086242675781,222.63003540039063,224.33265686035156,391.6559143066406,0.002553218510001898,8.586875915527344,1.36936771424304,-0.5697724996561732,-0.46332299868146576,-0.8728608495409087,1.0403150903114,CIV
2,2021,DHS 2021,22,Minignan,CIV.4.1.2_1,Folon,minignan,3440.898770625069,406.7735290527344,405.8086242675781,222.63003540039063,224.33265686035156,376.584716796875,0.01969299279153347,8.751323699951172,1.36936771424304,-0.6840476339664904,-0.39643762049028464,0.0034641457890253104,1.0403150903114,CIV
1,2011,DHS 2011-12,23,Gbeleban,CIV.4.2.1_1,Kabadougou,gbeleban,262.8335537695566,430.90985107421875,430.1788635253906,296.00408935546875,296.2860412597656,535.3880615234375,0.003884214209392667,8.445947647094727,1.561637062692379,0.5200553270488306,-0.4580881900007316,-1.6238528109636143,2.1095806425859274,CIV
2,2021,DHS 2021,23,Gbeleban,CIV.4.2.1_1,Kabadougou,gbeleban,262.8335537695566,430.90985107421875,430.1788635253906,296.00408935546875,296.2860412597656,521.74285888671875,0.14360809326171875,8.607961654663086,1.561637062692379,0.41659258873675226,0.05607702935790443,-0.7604971572333578,2.1095806425859274,CIV
1,2011,DHS 2011-12,24,Madinani,CIV.4.2.2_1,Kabadougou,madinani,4118.314456982142,471.98394775390625,469.7872619628906,246.62979125976563,250.02993774414063,415.1672668457031,0.001954004168510437,8.550569534301758,1.8888323080872278,-0.39150113353031285,-0.4656819789386092,-1.0663337471505179,1.3900587778980171,CIV
2,2021,DHS 2021,24,Madinani,CIV.4.2.2_1,Kabadougou,madinani,4118.314456982142,471.98394775390625,469.7872619628906,246.62979125976563,250.02993774414063,344.06097412109375,0.03217067942023277,8.693416595458984,1.8888323080872278,-0.9306541202885513,-0.34844873708660506,-0.3051167405481293,1.3900587778980171,CIV
1,2011,DHS 2011-12,25,Odienné,CIV.4.2.3_1,Kabadougou,odienné,8434.669054802278,431.7529602050781,425.218994140625,193.96119689941406,196.77723693847656,479.9774169921875,0.008938940241932869,8.463054656982422,1.5683532493225427,0.09991227989369428,-0.43827097439018126,-1.5326913495157244,0.6225297863729857,CIV
2,2021,DHS 2021,25,Odienné,CIV.4.2.3_1,Kabadougou,odienné,8434.669054802278,431.7529602050781,425.218994140625,193.96119689941406,196.77723693847656,417.5626220703125,0.12357331067323685,8.629120826721191,1.5683532493225427,-0.3733387055058782,-0.01365934878115924,-0.6477421485844373,0.6225297863729857,CIV
1,2011,DHS 2011-12,26,Samatiguila,CIV.4.2.4_1,Kabadougou,samatiguila,199.10312024279267,397.73260498046875,396.87579345703125,179.48043823242188,178.7323760986328,476.0354309082031,0.02261691726744175,8.488750457763672,1.2973479351231245,0.07002275128093303,-0.38513980384231233,-1.3957611222188155,0.4115045590781276,CIV
2,2021,DHS 2021,26,Samatiguila,CIV.4.2.4_1,Kabadougou,samatiguila,199.10312024279267,397.73260498046875,396.87579345703125,179.48043823242188,178.7323760986328,388.22100830078125,0.15788930654525757,8.62874984741211,1.2973479351231245,-0.5958171682970395,0.1050447524205585,-0.6497190584129149,0.4115045590781276,CIV
1,2011,DHS 2011-12,27,Seguelon,CIV.4.2.5_1,Kabadougou,seguelon,1064.373609898369,408.6605529785156,407.5064392089844,246.9801025390625,249.02859497070313,439.72198486328125,0.003792989067733288,8.5207061767578125,1.3843997004916209,-0.20531860240811664,-0.4584467570510515,-1.225472447327752,1.3951637947716207,CIV
2,2021,DHS 2021,27,Seguelon,CIV.4.2.5_1,Kabadougou,seguelon,1064.373609898369,408.6605529785156,407.5064392089844,246.9801025390625,249.02859497070313,408.08441162109375,0.027712974697351456,8.665637016296387,1.3843997004916209,-0.44520583958093074,-0.3655260290612541,-0.4531512042852007,1.3951637947716207,CIV
1,2011,DHS 2011-12,28,Gagnoa,CIV.5.1.1_1,Gôh,gagnoa,4563.061465131457,218.35548400878906,218.38087463378906,50.7183952331543,58.00706100463867,537.2540283203125,0.21198348701000214,8.662278175354004,-0.13156580514118726,0.534203745327691,0.28520155761511584,-0.4710501153800535,-1.4649191847142042,CIV
2,2021,DHS 2021,28,Gagnoa,CIV.5.1.1_1,Gôh,gagnoa,4563.061465131457,218.35548400878906,218.38087463378906,50.7183952331543,58.00706100463867,569.25885009765625,0.260689377784729,8.818930625915527,-0.13156580514118726,0.7768755904026347,0.44066229562973924,0.3637343633998163,-1.4649191847142042,CIV
1,2011,DHS 2011-12,29,Oumé,CIV.5.1.2_1,Gôh,oumé,2366.2662461205045,207.86582946777344,204.3928680419922,63.56159973144531,64.445526123046875,413.75250244140625,0.10234411060810089,8.691792488098145,-0.21512613559520105,-0.40222837615411383,-0.08892337884488252,-0.3137714383319266,-1.2777577099066726,CIV
2,2021,DHS 2021,29,Oumé,CIV.5.1.2_1,Gôh,oumé,2366.2662461205045,207.86582946777344,204.3928680419922,63.56159973144531,64.445526123046875,524.63958740234375,0.12471787631511688,8.898298263549805,-0.21512613559520105,0.43855660586074524,-0.00964201511854801,0.7866761799946288,-1.2777577099066726,CIV
1,2011,DHS 2011-12,30,Divo,CIV.5.2.1_1,Lôh-Djiboua,divo,3132.0344335898,147.75416564941406,146.7838592529297,58.73430252075195,68.5016860961914,551.67266845703125,0.08115506917238235,8.745210647583008,-0.6939741732653113,0.6435309595140897,-0.16550448407660182,-0.029111669122390386,-1.3481049558302172,CIV
2,2021,DHS 2021,30,Divo,CIV.5.2.1_1,Lôh-Djiboua,divo,3132.0344335898,147.75416564941406,146.7838592529297,58.73430252075195,68.5016860961914,658.09332275390625,0.18529050052165985,8.925101280212402,-0.6939741732653113,1.450449889166969,0.19733023517910747,0.9295066445945256,-1.3481049558302172,CIV
1,2011,DHS 2011-12,31,Guitry,CIV.5.2.2_1,Lôh-Djiboua,guitry,3049.369236822776,76.45652770996094,66.41863250732422,134.02957153320313,142.8287811279297,542.7767333984375,0.015324147418141365,8.7330780029296875,-1.2619294060631403,0.5760788427876021,-0.4133790085010857,-0.09376525996529686,-0.25084191713333936,CIV
2,2021,DHS 2021,31,Guitry,CIV.5.2.2_1,Lôh-Djiboua,guitry,3049.369236822776,76.45652770996094,66.41863250732422,134.02957153320313,142.8287811279297,652.20849609375,0.037721630185842514,8.92455768585205,-1.2619294060631403,1.4058290581715196,-0.3272860707300034,0.9266098872623092,-0.25084191713333936,CIV
1,2011,DHS 2011-12,32,Lakota,CIV.5.2.3_1,Lôh-Djiboua,lakota,2684.651994541066,215.36155700683594,214.286865234375,107.42073822021484,112.78386688232422,610.65313720703125,0.06995247304439545,8.651745796203613,-0.15541535410966795,1.0907416727785413,-0.20660149180506737,-0.5271760591993475,-0.6386071735714312,CIV
2,2021,DHS 2021,32,Lakota,CIV.5.2.3_1,Lôh-Djiboua,lakota,2684.651994541066,215.36155700683594,214.286865234375,107.42073822021484,112.78386688232422,697.79022216796875,0.09912283718585968,8.84257698059082,-0.15541535410966795,1.7514457794607383,-0.10047028003381495,0.48974330735122845,-0.6386071735714312,CIV
1,2011,DHS 2011-12,33,Didievi,CIV.6.1.1_1,Bélier,didievi,1688.085082098038,206.01451110839844,202.1389923095703,77.441162109375,78.65438079833984,314.04547119140625,0.04688297584652901,8.804656028747559,-0.22987369217869744,-1.1582422483360548,-0.29260535177941793,0.2876665322618958,-1.0754935970303168,CIV
2,2021,DHS 2021,33,Didievi,CIV.6.1.1_1,Bélier,didievi,1688.085082098038,206.01451110839844,202.1389923095703,77.441162109375,78.65438079833984,294.13983154296875,0.15743209421634674,8.989117622375488,-0.22987369217869744,-1.309173827786462,0.10348643339868742,1.2706430177214663,-1.0754935970303168,CIV
1,2011,DHS 2011-12,34,Djekanou,CIV.6.1.2_1,Bélier,djekanou,761.9719510492984,183.89996337890625,184.63687133789063,93.04661560058594,90.0701904296875,406.3238830566406,0.055784787982702255,8.702878952026367,-0.4060376362716085,-0.45855478799924126,-0.259196612879526,-0.2546928348459348,-0.8480784148735556,CIV
2,2021,DHS 2021,34,Djekanou,CIV.6.1.2_1,Bélier,djekanou,761.9719510492984,183.89996337890625,184.63687133789063,93.04661560058594,90.0701904296875,492.1231994628906,0.12342458218336105,8.906558990478516,-0.4060376362716085,0.19200588574313945,-0.014181674274773952,0.8306967273835029,-0.8480784148735556,CIV
1,2011,DHS 2011-12,35,Tiebissou,CIV.6.1.3_1,Bélier,tiebissou,2323.4365910049496,203.63662719726563,201.57420349121094,74.80607604980469,80.07264709472656,376.0227355957031,0.0875345841050148,8.736685752868652,-0.24881585701535777,-0.6883087736139654,-0.14229095215263846,-0.07453993893411345,-1.1138941841438812,CIV
2,2021,DHS 2021,35,Tiebissou,CIV.6.1.3_1,Bélier,tiebissou,2323.4365910049496,203.63662719726563,201.57420349121094,74.80607604980469,80.07264709472656,305.65557861328125,0.09923264384269714,8.939473152160645,-0.24881585701535777,-1.2218573725219815,-0.1000761128462478,1.0060928428340006,-1.1138941841438812,CIV
1,2011,DHS 2011-12,36,Toumodi,CIV.6.1.4_1,Bélier,toumodi,1927.8599759127615,136.42770385742188,133.69544982910156,66.5544662475586,68.23766326904297,391.4629821777344,0.08810646831989288,8.775468826293945,-0.7842004897291128,-0.571235379094204,-0.14021665680197123,0.13213099164350622,-1.2341432590792036,CIV
2,2021,DHS 2021,36,Toumodi,CIV.6.1.4_1,Bélier,toumodi,1927.8599759127615,136.42770385742188,133.69544982910156,66.5544662475586,68.23766326904297,486.43646240234375,0.15283417701721191,8.96804428100586,-0.7842004897291128,0.14888703994735117,0.08778101895246379,1.1583453918092115,-1.2341432590792036,CIV
1,2011,DHS 2011-12,37,Daoukro,CIV.6.2.1_1,Iffou,daoukro,3826.409282942487,202.92454528808594,196.8004608154297,148.85562133789063,159.76205444335938,364.4146423339844,0.051423780620098114,8.814162254333496,-0.2544882840155723,-0.7763254302671649,-0.2755282467769997,0.33832421136283053,-0.03478483049390532,CIV
2,2021,DHS 2021,37,Daoukro,CIV.6.2.1_1,Iffou,daoukro,3826.409282942487,202.92454528808594,196.8004608154297,148.85562133789063,159.76205444335938,428.3847961425781,0.08923134207725525,8.987192153930664,-0.2544882840155723,-0.2912811652980452,-0.13613977867556662,1.2603823983289315,-0.03478483049390532,CIV
1,2011,DHS 2011-12,38,M'Bahiakro,CIV.6.2.2_1,Iffou,m'bahiakro,2581.183674623919,181.67288208007813,181.158447265625,150.40293884277344,149.8939666748047,316.88922119140625,0.015031831339001656,8.846787452697754,-0.4237785112022727,-1.1366799330001702,-0.41451514428508196,0.5121804715998869,-0.012236079031767273,CIV
2,2021,DHS 2021,38,M'Bahiakro,CIV.6.2.2_1,Iffou,m'bahiakro,2581.183674623919,181.67288208007813,181.158447265625,150.40293884277344,149.8939666748047,379.581787109375,0.04871629551053047,9.024615287780762,-0.4237785112022727,-0.6613227899534994,-0.285701685521333,1.4598063535456027,-0.012236079031767273,CIV
1,2011,DHS 2011-12,39,Prikro,CIV.6.2.3_1,Iffou,prikro,2644.599848454471,216.69207763671875,214.75125122070313,172.88124084472656,175.5324249267578,348.9793701171875,0.010400201193988323,8.8568754196167,-0.14481645944882188,-0.8933611073955313,-0.4325605509785532,0.5659381892493338,0.3153357629033554,CIV
2,2021,DHS 2021,39,Prikro,CIV.6.2.3_1,Iffou,prikro,2644.599848454471,216.69207763671875,214.75125122070313,172.88124084472656,175.5324249267578,430.2790222167969,0.055064573884010315,8.976366996765137,-0.14481645944882188,-0.2769184752128551,-0.2618891029702031,1.2026962711745663,0.3153357629033554,CIV
1,2011,DHS 2011-12,40,Arrah,CIV.6.3.1_1,Moronou,arrah,1551.957846755582,165.1442413330078,166.1634521484375,133.9622344970703,142.8570098876953,405.59912109375,0.04229867458343506,8.788766860961914,-0.5554452574597857,-0.4640501887859849,-0.30992134328055676,0.202994823644252,-0.2518232064208737,CIV
2,2021,DHS 2021,40,Arrah,CIV.6.3.1_1,Moronou,arrah,1551.957846755582,165.1442413330078,166.1634521484375,133.9622344970703,142.8570098876953,481.81005859375,0.1546923965215683,8.968766212463379,-0.5554452574597857,0.11380801478971224,0.09413579304897908,1.1621924888276112,-0.2518232064208737,CIV
1,2011,DHS 2011-12,41,Bongouanou,CIV.6.3.2_1,Moronou,bongouanou,1555.2736159696053,186.08201599121094,175.81600952148438,112.12364959716797,110.2119369506836,404.2229309082031,0.10707192122936249,8.788951873779297,-0.38865545875191204,-0.4744849480801954,-0.0720371390036393,0.20398073754328705,-0.5700725777611104,CIV
2,2021,DHS 2021,41,Bongouanou,CIV.6.3.2_1,Moronou,bongouanou,1555.2736159696053,186.08201599121094,175.81600952148438,112.12364959716797,110.2119369506836,496.9876708984375,0.20347756147384644,8.969073295593262,-0.38865545875191204,0.22889002360183472,0.2574125490465468,1.1638289026187931,-0.5700725777611104,CIV
1,2011,DHS 2011-12,42,M’Batto,CIV.6.3.3_1,Moronou,m’batto,2446.451556744047,117.24301147460938,115.20710754394531,140.68905639648438,137.41990661621094,416.915771484375,0.05574319511651993,8.80348014831543,-0.9370252780858894,-0.3782433547574601,-0.2593520560791418,0.2814003887695751,-0.1537945635203057,CIV
2,2021,DHS 2021,42,M’Batto,CIV.6.3.3_1,Moronou,m’batto,2446.451556744047,117.24301147460938,115.20710754394531,140.68905639648438,137.41990661621094,554.9881591796875,0.12412022054195404,8.986560821533203,-0.9370252780858894,0.6686701793664374,-0.011739228687243256,1.2570180941992346,-0.1537945635203057,CIV
1,2011,DHS 2011-12,43,Bocanda,CIV.6.4.1_1,N'zi,bocanda,2201.176134364731,144.7742462158203,142.77679443359375,120.67445373535156,119.6282730102539,374.8551330566406,0.056422777473926544,8.814833641052246,-0.7177121382882587,-0.6971619478150186,-0.256813049721041,0.34190196076963814,-0.44546340304106746,CIV
2,2021,DHS 2021,43,Bocanda,CIV.6.4.1_1,N'zi,bocanda,2201.176134364731,144.7742462158203,142.77679443359375,120.67445373535156,119.6282730102539,461.23651123046875,0.10645116120576859,8.995545387268066,-0.7177121382882587,-0.04218787648934759,-0.074250179783514,1.304895902667323,-0.44546340304106746,CIV
1,2011,DHS 2011-12,44,Dimbokro,CIV.6.4.2_1,N'zi,dimbokro,1616.6265789280822,112.30621337890625,123.87092590332031,61.28998565673828,67.825592041015625,381.621826171875,0.12930840253829956,8.826214790344238,-0.9763516904714167,-0.6458544943708542,0.006429388850329598,0.40255091165151563,-1.31086149179166,CIV
2,2021,DHS 2021,44,Dimbokro,CIV.6.4.2_1,N'zi,dimbokro,1616.6265789280822,112.30621337890625,123.87092590332031,61.28998565673828,67.825592041015625,444.07110595703125,0.23242199420928955,9.015830039978027,-0.9763516904714167,-0.17234203257694844,0.3511851207841891,1.4129906894326603,-1.31086149179166,CIV
1,2011,DHS 2011-12,45,Kouassi-Kouassikro,CIV.6.4.3_1,N'zi,kouassi kouassikro,1154.7300817806513,163.45550537109375,161.57899475097656,112.28884887695313,115.66016387939453,313.615966796875,0.026929808780550957,8.8126859664917,-0.5688976866580359,-1.1614989021182196,-0.3685339553701902,0.33045722829217977,-0.5676651613841582,CIV
2,2021,DHS 2021,45,Kouassi-Kouassikro,CIV.6.4.3_1,N'zi,kouassi kouassikro,1154.7300817806513,163.45550537109375,161.57899475097656,112.28884887695313,115.66016387939453,357.4520263671875,0.10923359543085098,8.993793487548828,-0.5688976866580359,-0.829118439863205,-0.06434033426003707,1.2955602128089345,-0.5676651613841582,CIV
1,2011,DHS 2011-12,46,Agboville,CIV.7.1.1_1,Agnéby-Tiassa,agboville,3912.269017464578,76.5176773071289,78.04094696044922,122.60006713867188,123.74513244628906,482.7594299316406,0.0777222290635109,8.7911529541015625,-1.2614422898738982,0.12100648306521053,-0.17805251851237355,0.21571006372355964,-0.4174018203945763,CIV
2,2021,DHS 2021,46,Agboville,CIV.7.1.1_1,Agnéby-Tiassa,agboville,3912.269017464578,76.5176773071289,78.04094696044922,122.60006713867188,123.74513244628906,617.8275146484375,0.15141181647777557,8.959904670715332,-1.2614422898738982,1.145140332551819,0.0829098787600132,1.114970262282077,-0.4174018203945763,CIV
1,2011,DHS 2011-12,47,Sikensi,CIV.7.1.2_1,Agnéby-Tiassa,sikensi,791.7832226322445,83.994781494140625,83.95771026611328,101.94805908203125,100.8683853149414,507.6966552734375,0.09052608162164688,8.779021263122559,-1.2018798615534232,0.3100893196091527,-0.13145246499733326,0.15106155491106057,-0.7183594424687417,CIV
2,2021,DHS 2021,47,Sikensi,CIV.7.1.2_1,Agnéby-Tiassa,sikensi,791.7832226322445,83.994781494140625,83.95771026611328,101.94805908203125,100.8683853149414,608.529296875,0.16575898230075836,8.95191478729248,-1.2018798615534232,1.0746379664181624,0.13177099007446896,1.0723930115289038,-0.7183594424687417,CIV
1,2011,DHS 2011-12,48,Taabo,CIV.7.1.3_1,Agnéby-Tiassa,taabo,1158.3595603978192,109.97798919677734,105.25666809082031,93.57164764404297,91.32279205322266,432.9949951171875,0.07460128515958786,8.77209186553955,-0.9948982671264455,-0.256325010906239,-0.18949521651787865,0.11413552197091292,-0.8404272269174886,CIV
2,2021,DHS 2021,48,Taabo,CIV.7.1.3_1,Agnéby-Tiassa,taabo,1158.3595603978192,109.97798919677734,105.25666809082031,93.57164764404297,91.32279205322266,597.99462890625,0.11349407583475113,8.959663391113281,-0.9948982671264455,0.9947603988749432,-0.04921438750269059,1.1136845085890055,-0.8404272269174886,CIV
1,2011,DHS 2011-12,49,Tiassalé,CIV.7.1.4_1,Agnéby-Tiassa,tiassalé,2435.2281204680353,72.32169342041016,76.30180358886719,91.4056167602539,104.02088928222656,454.3970031738281,0.04069528356194496,8.790486335754395,-1.2948673944646152,-0.09404743849712185,-0.31599571328672726,0.21215772446878906,-0.8719923658781403,CIV
2,2021,DHS 2021,49,Tiassalé,CIV.7.1.4_1,Agnéby-Tiassa,tiassalé,2435.2281204680353,72.32169342041016,76.30180358886719,91.4056167602539,104.02088928222656,567.0750732421875,0.09875115752220154,8.969788551330566,-1.2948673944646152,0.7603174241852022,-0.10180477129037292,1.1676404254243409,-0.8719923658781403,CIV
1,2011,DHS 2011-12,50,Dabou,CIV.7.2.1_1,Grands Ponts,dabou,1505.5951772686115,42.48819351196289,46.74580764770508,115.6318359375,124.66458892822266,506.03857421875,0.13091576099395752,8.743549346923828,-1.5325203220421784,0.29751716433754727,0.012041302997414644,-0.03796456609207621,-0.5189484732244622,CIV
2,2021,DHS 2021,50,Dabou,CIV.7.2.1_1,Grands Ponts,dabou,1505.5951772686115,42.48819351196289,46.74580764770508,115.6318359375,124.66458892822266,605.67010498046875,0.24928465485572815,8.88654899597168,-1.5325203220421784,1.052958565192426,0.4048057689208553,0.724065565375496,-0.5189484732244622,CIV
1,2011,DHS 2011-12,51,Grand-Lahou,CIV.7.2.2_1,Grands Ponts,grand lahou,2179.177795384586,27.90131187438965,27.906614303588867,131.6924285888672,132.0605926513672,370.86505126953125,0.026824505999684334,8.7424468994140625,-1.6487190629218937,-0.727416155009611,-0.36893856952458465,-0.04383939324302731,-0.2849006382536125,CIV
2,2021,DHS 2021,51,Grand-Lahou,CIV.7.2.2_1,Grands Ponts,grand lahou,2179.177795384586,27.90131187438965,27.906614303588867,131.6924285888672,132.0605926513672,489.4263916015625,0.061117611825466156,8.9132232666015625,-1.6487190629218937,0.17155773752116163,-0.2393170403722795,0.8662099558703941,-0.2849006382536125,CIV
1,2011,DHS 2011-12,52,Jacqueville,CIV.7.2.3_1,Grands Ponts,jacqueville,624.7439303661273,9.140555381774902,9.465750694274902,135.6565704345703,144.81292724609375,471.24139404296875,0.0776154026389122,8.739666938781738,-1.79816678838897,0.03367267317278744,-0.17844364128359086,-0.05865351188058999,-0.2271319844657846,CIV
2,2021,DHS 2021,52,Jacqueville,CIV.7.2.3_1,Grands Ponts,jacqueville,624.7439303661273,9.140555381774902,9.465750694274902,135.6565704345703,144.81292724609375,557.8712158203125,0.1305852085351944,8.879573822021484,-1.79816678838897,0.690530531512854,0.010887867437684204,0.6868955949757933,-0.2271319844657846,CIV
1,2011,DHS 2011-12,53,Adzope,CIV.7.3.1_1,La Mé,adzope,1914.033962226691,106.9375228881836,107.18017578125,157.00479125976563,158.17575073242188,470.23419189453125,0.13450157642364502,8.7766571044921875,-1.0191185470686475,0.026035711297942684,0.02453208975116742,0.13846320153112304,0.08397140835896479,CIV
2,2021,DHS 2021,53,Adzope,CIV.7.3.1_1,La Mé,adzope,1914.033962226691,106.9375228881836,107.18017578125,157.00479125976563,158.17575073242188,617.3056640625,0.23681814968585968,8.936457633972168,-1.0191185470686475,1.1411834773809353,0.36523458922116203,0.9900234626858108,0.08397140835896479,CIV
1,2011,DHS 2011-12,54,Akoupe,CIV.7.3.2_1,La Mé,akoupe,1729.073649798907,137.7979278564453,132.9525146484375,143.62852478027344,146.66928100585938,405.610107421875,0.07778345048427582,8.778631210327148,-0.7732853190047838,-0.463966886571861,-0.1778283864681391,0.14898300447443513,-0.11095827309658167,CIV
2,2021,DHS 2021,54,Akoupe,CIV.7.3.2_1,La Mé,akoupe,1729.073649798907,137.7979278564453,132.9525146484375,143.62852478027344,146.66928100585938,582.902587890625,0.12172570079565048,8.954194068908691,-0.7732853190047838,0.8803272217528298,-0.02015295438592306,1.084539064202583,-0.11095827309658167,CIV
1,2011,DHS 2011-12,55,Alépé,CIV.7.3.3_1,La Mé,alépé,2217.9633908335672,55.735652923583984,67.18891906738281,211.04588317871094,228.27978515625,528.34918212890625,0.03226945921778679,8.778302192687988,-1.4269913857189793,0.46668406124974743,-0.34807115137010386,0.14722970398388313,0.871501534902155,CIV
2,2021,DHS 2021,55,Alépé,CIV.7.3.3_1,La Mé,alépé,2217.9633908335672,55.735652923583984,67.18891906738281,211.04588317871094,228.27978515625,711.92315673828125,0.06316445767879486,8.921197891235352,-1.4269913857189793,1.8586066732898379,-0.23171337828821048,0.908705894137049,0.871501534902155,CIV
1,2011,DHS 2011-12,56,Yakasse-Attobrou,CIV.7.3.4_1,La Mé,yakasse attobrou,1582.1073339505713,129.9798583984375,126.80963897705078,245.27235412597656,262.6358337402344,498.9850769042969,0.0168636254966259,8.766393661499023,-0.8355638683001082,0.24403506031467148,-0.40740095940121357,0.08377039028671499,1.370277115466941,CIV
2,2021,DHS 2021,56,Yakasse-Attobrou,CIV.7.3.4_1,La Mé,yakasse attobrou,1582.1073339505713,129.9798583984375,126.80963897705078,245.27235412597656,262.6358337402344,630.79547119140625,0.04295704513788223,8.92667007446289,-0.8355638683001082,1.2434679521532395,-0.3074298437381692,0.9378665846146939,1.370277115466941,CIV
1,2011,DHS 2011-12,57,Blolequin,CIV.8.1.1_1,Cavally,blolequin,2980.8335239186076,274.094482421875,272.59747314453125,175.22332763671875,176.58917236328125,579.09613037109375,0.0029194701928645372,8.408918380737305,0.31244968730059314,0.8514653185093022,-0.46188183734847643,-1.8211778876220306,0.3494665297361056,CIV
2,2021,DHS 2021,57,Blolequin,CIV.8.1.1_1,Cavally,blolequin,2980.8335239186076,274.094482421875,272.59747314453125,175.22332763671875,176.58917236328125,605.25787353515625,0.013792670331895351,8.634326934814453,0.31244968730059314,1.049832881002467,-0.41933498883317843,-0.6199993445904564,0.3494665297361056,CIV
1,2011,DHS 2011-12,58,Guiglo,CIV.8.1.2_1,Cavally,guiglo,3279.5054633867016,244.17054748535156,245.74754333496094,156.06787109375,158.27435302734375,572.1796875,0.016519322991371155,8.44904899597168,0.07407635651040596,0.7990224096076217,-0.4087371571297813,-1.6073260480787588,0.07031785639132808,CIV
2,2021,DHS 2021,58,Guiglo,CIV.8.1.2_1,Cavally,guiglo,3279.5054633867016,244.17054748535156,245.74754333496094,156.06787109375,158.27435302734375,540.6995849609375,0.05410286411643028,8.67812728881836,0.07407635651040596,0.5603291708372496,-0.26548728159012863,-0.3865918520395203,0.07031785639132808,CIV
1,2011,DHS 2011-12,59,Taï,CIV.8.1.3_1,Cavally,taï,4253.084509163929,216.1890106201172,211.52281188964844,414.5097351074219,459.68560791015625,694.9371337890625,0.002158378018066287,8.494704246520996,-0.14882387894804128,1.7298126572428485,-0.46487724378153383,-1.3640340063854353,3.83653994117109,CIV
2,2021,DHS 2021,59,Taï,CIV.8.1.3_1,Cavally,taï,4253.084509163929,216.1890106201172,211.52281188964844,414.5097351074219,459.68560791015625,647.40838623046875,0.005387273617088795,8.732209205627441,-0.14882387894804128,1.3694329324505665,-0.4521849923397752,-0.09839498966643566,3.83653994117109,CIV
1,2011,DHS 2011-12,60,Toulepleu,CIV.8.1.4_1,Cavally,toulepleu,805.6729925909513,NA,268.07708740234375,NA,131.0706329345703,543.35272216796875,0.026762746274471283,8.395063400268555,NA,0.5804461927580851,-0.36917589366412856,-1.8950096253806963,NA,CIV
2,2021,DHS 2021,60,Toulepleu,CIV.8.1.4_1,Cavally,toulepleu,805.6729925909513,NA,268.07708740234375,NA,131.0706329345703,632.02325439453125,0.05795161426067352,8.626238822937012,NA,1.25277743737166,-0.2511070856961259,-0.6631000444755916,NA,CIV
1,2011,DHS 2011-12,61,Bangolo,CIV.8.2.1_1,Guémon,bangolo,2124.832308872352,295.9925842285156,295.99224853515625,111.18428039550781,115.69935607910156,554.054443359375,0.00469430023804307,8.441471099853516,0.4868894284878526,0.6615904167460657,-0.45490551661557443,-1.6477078616959364,-0.5837618190400206,CIV
2,2021,DHS 2021,61,Bangolo,CIV.8.2.1_1,Guémon,bangolo,2124.832308872352,295.9925842285156,295.99224853515625,111.18428039550781,115.69935607910156,526.6531982421875,0.04092909395694733,8.659489631652832,0.4868894284878526,0.4538245133394147,-0.31510935119890826,-0.4859099722912827,-0.5837618190400206,CIV
1,2011,DHS 2011-12,62,Duékoué,CIV.8.2.2_1,Guémon,duékoué,3044.3329034282874,241.79129028320313,239.4032745361328,97.50983428955078,108.4756088256836,559.36114501953125,0.014100989326834679,8.514033317565918,0.055123252071242385,0.7018277001182858,-0.4181351999678771,-1.2610314140883099,-0.783036813120165,CIV
2,2021,DHS 2021,62,Duékoué,CIV.8.2.2_1,Guémon,duékoué,3044.3329034282874,241.79129028320313,239.4032745361328,97.50983428955078,108.4756088256836,516.7225341796875,0.10367318242788315,8.733572959899902,0.055123252071242385,0.37852671641269425,-0.08416904899457558,-0.09112768618385773,-0.783036813120165,CIV
1,2011,DHS 2011-12,63,Facobly,CIV.8.2.3_1,Guémon,facobly,1038.9441742054503,310.0359191894531,302.2371826171875,40.525543212890625,46.00454330444336,466.0696716308594,0.00943654403090477,8.444803237915039,0.5987582898906729,-0.005541149940905328,-0.4363254734524376,-1.6299512474524909,-1.6134575979164023,CIV
2,2021,DHS 2021,63,Facobly,CIV.8.2.3_1,Guémon,facobly,1038.9441742054503,310.0359191894531,302.2371826171875,40.525543212890625,46.00454330444336,447.4751281738281,0.0802602618932724,8.61430835723877,0.5987582898906729,-0.1465315357157859,-0.16877142307400353,-0.7266762448721298,-1.6134575979164023,CIV
1,2011,DHS 2011-12,64,Kouibly,CIV.8.2.4_1,Guémon,kouibly,1012.129071601847,292.6447448730469,290.0807189941406,88.99443817138672,87.92736053466797,517.26129150390625,0.004380177240818739,8.455355644226074,0.4602206224031447,0.382611764435313,-0.4561393411991115,-1.5737185809946415,-0.9071299937790879,CIV
2,2021,DHS 2021,64,Kouibly,CIV.8.2.4_1,Guémon,kouibly,1012.129071601847,292.6447448730469,290.0807189941406,88.99443817138672,87.92736053466797,472.221435546875,0.14368374645709991,8.690570831298828,0.4602206224031447,0.041103693462714856,0.056338038317361186,-0.3202815192838024,-0.9071299937790879,CIV
1,2011,DHS 2011-12,65,Biankouma,CIV.8.3.1_1,Tonkpi,biankouma,3543.134386880896,566.23699951171875,540.96929931640625,95.39742279052734,115.91188049316406,490.20245361328125,0.00481346994638443,8.291963577270508,2.6396498035907094,0.1774421133688559,-0.4544375381095037,-2.4444177686635866,-0.8138205674090752,CIV
2,2021,DHS 2021,65,Biankouma,CIV.8.3.1_1,Tonkpi,biankouma,3543.134386880896,566.23699951171875,540.96929931640625,95.39742279052734,115.91188049316406,477.8223876953125,0.0214534979313612,8.46826171875,2.6396498035907094,0.08357208780321926,-0.3896312913018497,-1.504943463491336,-0.8138205674090752,CIV
1,2011,DHS 2011-12,66,Danané,CIV.8.3.2_1,Tonkpi,danané,3226.6583235853213,410.2860412597656,442.6899108886719,81.02214050292969,92.701324462890625,616.22210693359375,0.00977620854973793,8.224346160888672,1.3973483002190268,1.1329675651179296,-0.4349980245085363,-2.804743888608859,-1.0233087083227683,CIV
2,2021,DHS 2021,66,Danané,CIV.8.3.2_1,Tonkpi,danané,3226.6583235853213,410.2860412597656,442.6899108886719,81.02214050292969,92.701324462890625,662.10089111328125,0.08836159110069275,8.359283447265625,1.3973483002190268,1.4808366857190418,-0.1392916463000057,-2.0856772422054224,-1.0233087083227683,CIV
1,2011,DHS 2011-12,67,Man,CIV.8.3.3_1,Tonkpi,man,2703.1980851789617,426.4403991699219,418.3512268066406,49.55259323120117,61.63636779785156,535.380859375,0.0689508244395256,8.325359344482422,1.5260335185898477,0.5200007178195717,-0.21029699848595987,-2.2664552278573535,-1.481908186333555,CIV
2,2021,DHS 2021,67,Man,CIV.8.3.3_1,Tonkpi,man,2703.1980851789617,426.4403991699219,418.3512268066406,49.55259323120117,61.63636779785156,584.1116943359375,0.31662872433662415,8.468653678894043,1.5260335185898477,0.88949509320724,0.6119662130991812,-1.5028547489938957,-1.481908186333555,CIV
1,2011,DHS 2011-12,68,Sipilou,CIV.8.3.4_1,Tonkpi,sipilou,1207.1666197484017,505.92840576171875,505.69378662109375,120.49603271484375,124.91474914550781,531.7734375,0.0014992270153015852,8.039900779724121,2.159233026921633,0.4926479730219214,-0.467473282367033,-3.787633979551504,-0.4480634972262337,CIV
2,2021,DHS 2021,68,Sipilou,CIV.8.3.4_1,Tonkpi,sipilou,1207.1666197484017,505.92840576171875,505.69378662109375,120.49603271484375,124.91474914550781,497.3011474609375,0.014865320175886154,8.30531120300293,2.159233026921633,0.23126691344483574,-0.4151624643080277,-2.3732896710816562,-0.4480634972262337,CIV
1,2011,DHS 2011-12,69,Zouan-Hounien,CIV.8.3.5_1,Tonkpi,zouan hounien,1310.1856926128708,271.2033386230469,270.66619873046875,99.94002532958984,102.04308319091797,552.12005615234375,0.03967956826090813,8.38143539428711,0.28941890680391147,0.646923210789245,-0.31984854600821216,-1.9676318399024015,-0.7476221205348151,CIV
2,2021,DHS 2021,69,Zouan-Hounien,CIV.8.3.5_1,Tonkpi,zouan hounien,1310.1856926128708,271.2033386230469,270.66619873046875,99.94002532958984,102.04308319091797,585.06884765625,0.22372128069400787,8.567117691040039,0.28941890680391147,0.8967525672177427,0.3232305577400663,-0.9781503555213628,-0.7476221205348151,CIV
1,2011,DHS 2011-12,70,Daloa,CIV.9.1.1_1,Haut-Sassandra,daloa,3774.8270476582197,245.5240936279297,244.54310607910156,108.29063415527344,120.39925384521484,398.256103515625,0.1684974730014801,8.59550666809082,0.08485867183988993,-0.5197275375460638,0.14102889296072438,-0.8268684743539645,-0.6259303524434714,CIV
2,2021,DHS 2021,70,Daloa,CIV.9.1.1_1,Haut-Sassandra,daloa,3774.8270476582197,245.5240936279297,244.54310607910156,108.29063415527344,120.39925384521484,404.31768798828125,0.3045893907546997,8.777520179748535,0.08485867183988993,-0.47376646648337706,0.5757208828847438,0.14306243904981747,-0.6259303524434714,CIV
1,2011,DHS 2011-12,71,Issia,CIV.9.1.2_1,Haut-Sassandra,issia,3710.233023805707,221.15150451660156,221.41773986816406,112.5719985961914,126.21829986572266,527.16448974609375,0.06972786784172058,8.62580680847168,-0.10929277444456427,0.45770130582672375,-0.20742985469883232,-0.6654022042501424,-0.5635388766200228,CIV
2,2021,DHS 2021,71,Issia,CIV.9.1.2_1,Haut-Sassandra,issia,3710.233023805707,221.15150451660156,221.41773986816406,112.5719985961914,126.21829986572266,504.1918640136719,0.056689534336328506,8.77631664276123,-0.10929277444456427,0.2835147563284429,-0.2558168584268643,0.13664891667568227,-0.5635388766200228,CIV
1,2011,DHS 2011-12,72,Vavoua,CIV.9.1.3_1,Haut-Sassandra,vavoua,6255.592942863742,271.2021789550781,276.5925598144531,150.9072723388672,160.24205017089844,463.223388671875,0.008338497020304203,8.58815860748291,0.28940966891735315,-0.027122671065046212,-0.4406198285254664,-0.8660255186429595,-0.004886526905870259,CIV
2,2021,DHS 2021,72,Vavoua,CIV.9.1.3_1,Haut-Sassandra,vavoua,6255.592942863742,271.2021789550781,276.5925598144531,150.9072723388672,160.24205017089844,384.3757019042969,0.05759849771857262,8.7802276611328125,0.28940966891735315,-0.6249736374255107,-0.2524242636995363,0.15749032337641797,-0.004886526905870259,CIV
1,2011,DHS 2011-12,73,Zoukougbeu,CIV.9.1.4_1,Haut-Sassandra,zoukougbeu,1517.3983249660741,233.5495147705078,238.56068420410156,171.83084106445313,201.375732421875,498.3005065917969,0.016196317970752716,8.569029808044434,-0.010530529249752342,0.23884440679459762,-0.4099911133298848,-0.9679608845545314,0.30002849499839884,CIV
2,2021,DHS 2021,73,Zoukougbeu,CIV.9.1.4_1,Haut-Sassandra,zoukougbeu,1517.3983249660741,233.5495147705078,238.56068420410156,171.83084106445313,201.375732421875,485.10601806640625,0.05746370553970337,8.745817184448242,-0.010530529249752342,0.13879914181695086,-0.2529271748552677,-0.025879497783285802,0.30002849499839884,CIV
1,2011,DHS 2011-12,74,Bouaflé,CIV.9.2.1_1,Marahoué,bouaflé,4151.1264000856345,228.14495849609375,226.66024780273438,79.87068939208984,87.94044494628906,381.6180114746094,0.06335115432739258,8.682699203491211,-0.053583091799026476,-0.6458834187507583,-0.23102056267365495,-0.3622285982664584,-1.0400885772489568,CIV
2,2021,DHS 2021,74,Bouaflé,CIV.9.2.1_1,Marahoué,bouaflé,4151.1264000856345,228.14495849609375,226.66024780273438,79.87068939208984,87.94044494628906,354.41278076171875,0.1942964345216751,8.893166542053223,-0.053583091799026476,-0.852163071820416,0.22719636697433418,0.7593297743724248,-1.0400885772489568,CIV
1,2011,DHS 2011-12,75,Sinfra,CIV.9.2.2_1,Marahoué,sinfra,1672.6745316924503,224.4243927001953,225.317138671875,53.76679992675781,54.03425979614258,386.9038391113281,0.07925726473331451,8.670945167541504,-0.08322102755425614,-0.6058044095853735,-0.17243658124043787,-0.42486462303762823,-1.420495387028747,CIV
2,2021,DHS 2021,75,Sinfra,CIV.9.2.2_1,Marahoué,sinfra,1672.6745316924503,224.4243927001953,225.317138671875,53.76679992675781,54.03425979614258,452.6790771484375,0.17556169629096985,8.888753890991211,-0.08322102755425614,-0.10707335944066311,0.16481081124270772,0.7358152196773982,-1.420495387028747,CIV
1,2011,DHS 2011-12,76,Zuénoula,CIV.9.2.3_1,Marahoué,zuénoula,3314.7915840259698,247.51043701171875,249.82391357421875,116.636962890625,117.89083862304688,429.5759582519531,0.029290147125720978,8.668081283569336,0.10068183445173391,-0.2822493541267041,-0.3594754905418393,-0.44012596035104184,-0.5043009572606147,CIV
2,2021,DHS 2021,76,Zuénoula,CIV.9.2.3_1,Marahoué,zuénoula,3314.7915840259698,247.51043701171875,249.82391357421875,116.636962890625,117.89083862304688,320.1692810058594,0.23505814373493195,8.933469772338867,0.10068183445173391,-1.111809362788372,0.35961587172437315,0.9741014614194355,-0.5043009572606147,CIV
1,2011,DHS 2011-12,77,Boundiali,CIV.10.1.1_1,Bagoué,boundiali,4474.818602256187,396.6572570800781,397.5149230957031,218.01495361328125,219.2647705078125,326.8512878417969,0.013082927092909813,8.64158821105957,1.2887817401585218,-1.061144030578079,-0.4220982625576635,-0.5813047650685345,0.9730604177140972,CIV
2,2021,DHS 2021,77,Boundiali,CIV.10.1.1_1,Bagoué,boundiali,4474.818602256187,396.6572570800781,397.5149230957031,218.01495361328125,219.2647705078125,336.5374755859375,0.10889334976673126,8.811910629272461,1.2887817401585218,-0.987699939310654,-0.06555080954037297,0.3263255375709659,0.9730604177140972,CIV
1,2011,DHS 2011-12,78,Kouto,CIV.10.1.2_1,Bagoué,kouto,3504.1970070026186,383.98382568359375,389.12115478515625,235.9170684814453,238.88999938964844,327.4289855957031,0.009614065289497375,8.656244277954102,1.187825496906113,-1.0567637224853992,-0.435631643756196,-0.5032041217676552,1.2339443911293984,CIV
2,2021,DHS 2021,78,Kouto,CIV.10.1.2_1,Bagoué,kouto,3504.1970070026186,383.98382568359375,389.12115478515625,235.9170684814453,238.88999938964844,282.6572570800781,0.13349324464797974,8.82813549041748,1.187825496906113,-1.3962387566432966,0.021023673265650626,0.4127861208920135,1.2339443911293984,CIV
1,2011,DHS 2011-12,79,Tengréla,CIV.10.1.3_1,Bagoué,tengréla,2327.8924025048454,352.2201843261719,350.33367919921875,269.1476745605469,278.37060546875,330.6219482421875,0.012404493056237698,8.752988815307617,0.9347971099491514,-1.0325535537155717,-0.424741449095354,0.012337370880340724,1.7182074302595762,CIV
2,2021,DHS 2021,79,Tengréla,CIV.10.1.3_1,Bagoué,tengréla,2327.8924025048454,352.2201843261719,350.33367919921875,269.1476745605469,278.37060546875,308.72607421875,0.14324046671390533,8.959024429321289,0.9347971099491514,-1.1985757920445959,0.054808445491941526,1.1102795482160495,1.7182074302595762,CIV
1,2011,DHS 2011-12,80,Dikodougou,CIV.10.2.1_1,Poro,dikodougou,2488.2055340330357,359.16900634765625,359.678955078125,234.88189697265625,235.13180541992188,319.9141540527344,0.005698508583009243,8.725295066833496,0.9901512555133335,-1.1137438253163596,-0.4509637340925994,-0.13523971012006494,1.2188590418079357,CIV
2,2021,DHS 2021,80,Dikodougou,CIV.10.2.1_1,Poro,dikodougou,2488.2055340330357,359.16900634765625,359.678955078125,234.88189697265625,235.13180541992188,331.25079345703125,0.11425123363733292,8.965506553649902,0.9901512555133335,-1.0277854275371374,-0.046532314463762194,1.1448221088951278,1.2188590418079357,CIV
1,2011,DHS 2011-12,81,Korhogo,CIV.10.2.2_1,Poro,korhogo,7321.704880470631,363.89324951171875,357.6607666015625,207.99009704589844,228.4132537841797,306.9707946777344,0.09792839735746384,8.729452133178711,1.027784460533635,-1.2118849405161585,-0.10476044363730842,-0.1130871395742208,0.8269701689654299,CIV
2,2021,DHS 2021,81,Korhogo,CIV.10.2.2_1,Poro,korhogo,7321.704880470631,363.89324951171875,357.6607666015625,207.99009704589844,228.4132537841797,334.26458740234375,0.631365954875946,8.934215545654297,1.027784460533635,-1.0049337790426467,1.4576917303407788,0.9780756091980201,0.8269701689654299,CIV
1,2011,DHS 2011-12,82,M'bengue,CIV.10.2.3_1,Poro,m'bengue,2446.5809707220287,350.407958984375,350.71270751953125,228.23211669921875,225.02027893066406,278.9314880371094,0.015925215557217598,8.749005317687988,0.920360967383581,-1.4244888514030922,-0.41104388315419876,-0.008890270131357148,1.1219531112601349,CIV
2,2021,DHS 2021,82,M'bengue,CIV.10.2.3_1,Poro,m'bengue,2446.5809707220287,350.407958984375,350.71270751953125,228.23211669921875,225.02027893066406,303.4056091308594,0.1256200224161148,8.965761184692383,0.920360967383581,-1.2389174345795102,-0.006478434654824858,1.1461790110139027,1.1219531112601349,CIV
1,2011,DHS 2011-12,83,Sinematiali,CIV.10.2.4_1,Poro,sinematiali,493.33432493478614,335.6404724121094,333.6672668457031,187.40711975097656,190.04774475097656,315.2635192871094,0.1255757361650467,8.844706535339355,0.8027235320296564,-1.1490065781351495,-0.006633675277338303,0.5010914812509463,0.5270185185062215,CIV
2,2021,DHS 2021,83,Sinematiali,CIV.10.2.4_1,Poro,sinematiali,493.33432493478614,335.6404724121094,333.6672668457031,187.40711975097656,190.04774475097656,328.06292724609375,1.191658854484558,9.090673446655273,0.8027235320296564,-1.0519569533354127,2.6226127129107994,1.8118233537747808,0.5270185185062215,CIV
1,2011,DHS 2011-12,84,Ferkessedougou,CIV.10.3.1_1,Tchologo,ferkessedougou,3591.2006170609975,334.05889892578125,334.9532165527344,195.32565307617188,215.3982391357422,312.5462646484375,0.05450206622481346,8.8902130126953125,0.7901247564800769,-1.1696097610334135,-0.2639932928185898,0.7435907262007159,0.6424137359267144,CIV
2,2021,DHS 2021,84,Ferkessedougou,CIV.10.3.1_1,Tchologo,ferkessedougou,3591.2006170609975,334.05889892578125,334.9532165527344,195.32565307617188,215.3982391357422,348.3406982421875,0.17440740764141083,9.139664649963379,0.7901247564800769,-0.8982037427765989,0.16093464828282097,2.0728923378331796,0.6424137359267144,CIV
1,2011,DHS 2011-12,85,Kong,CIV.10.3.2_1,Tchologo,kong,8993.1336624743235,NA,279.23779296875,NA,280.9403991699219,289.6554870605469,0.0012781195109710097,8.898951530456543,NA,-1.3431757090364715,-0.4683444877166927,0.7901573708236959,NA,CIV
2,2021,DHS 2021,85,Kong,CIV.10.3.2_1,Tchologo,kong,8993.1336624743235,NA,279.23779296875,NA,280.9403991699219,350.4543762207031,0.030046263709664345,9.144685745239258,NA,-0.8821770909642845,-0.35657807220450183,2.0996492279281256,NA,CIV
1,2011,DHS 2011-12,86,Ouangolodougou,CIV.10.3.3_1,Tchologo,ouangolodougou,4824.955347168757,333.8190612792969,336.6125183105469,183.25027465820313,188.2256622314453,276.2790832519531,0.030125437304377556,8.827116966247559,0.7882142156784532,-1.444600319842986,-0.3562748041493961,0.40735851241691334,0.46644163847496034,CIV
2,2021,DHS 2021,86,Ouangolodougou,CIV.10.3.3_1,Tchologo,ouangolodougou,4824.955347168757,333.8190612792969,336.6125183105469,183.25027465820313,188.2256622314453,324.86248779296875,0.08559031039476395,9.053913116455078,0.7882142156784532,-1.076223813889852,-0.14935124235355376,1.6159314096912505,0.46644163847496034,CIV
1,2011,DHS 2011-12,87,Béoumi,CIV.11.1.1_1,Gbeke,béoumi,1925.6940884730639,238.09671020507813,237.58433532714844,115.29137420654297,115.1467056274414,397.2745056152344,0.02972654066979885,8.736560821533203,0.02569231790560205,-0.5271703589829921,-0.3578029826462058,-0.07520568491748249,-0.523909954581387,CIV
2,2021,DHS 2021,87,Béoumi,CIV.11.1.1_1,Gbeke,béoumi,1925.6940884730639,238.09671020507813,237.58433532714844,115.29137420654297,115.1467056274414,327.7117614746094,0.25311607122421265,8.911154747009277,0.02569231790560205,-1.0546196160518664,0.41688815062683626,0.8551870319167497,-0.523909954581387,CIV
1,2011,DHS 2011-12,88,Botro,CIV.11.1.2_1,Gbeke,botro,645.4967261411118,273.0712890625,273.1628723144531,107.56257629394531,111.16763305664063,391.22100830078125,0.008114245720207691,8.754619598388672,0.3042989541288361,-0.5730701103602822,-0.441497428581879,0.02102764287698984,-0.6365401954222639,CIV
2,2021,DHS 2021,88,Botro,CIV.11.1.2_1,Gbeke,botro,645.4967261411118,273.0712890625,273.1628723144531,107.56257629394531,111.16763305664063,312.5776672363281,0.18585509061813354,8.805489540100098,0.3042989541288361,-1.1693716555380427,0.19920922645051678,0.2921082268379609,-0.6365401954222639,CIV
1,2011,DHS 2011-12,89,Bouaké,CIV.11.1.3_1,Gbeke,bouaké,3500.642243684317,273.9132080078125,254.0852813720703,96.9730453491211,99.00865173339844,309.2140197753906,0.22097845375537872,8.77369499206543,0.3110056597701637,-1.1948760167623,0.3143768989110203,0.12267841508574752,-0.7908593320066751,CIV
2,2021,DHS 2021,89,Bouaké,CIV.11.1.3_1,Gbeke,bouaké,3500.642243684317,273.9132080078125,254.0852813720703,96.9730453491211,99.00865173339844,272.4617919921875,0.8224026560783386,8.936558723449707,0.3110056597701637,-1.4735443683254412,1.8946266799126505,0.9905621579089948,-0.7908593320066751,CIV
1,2011,DHS 2011-12,90,Diabo,CIV.11.1.4_1,Gbeke,diabo,533.2037115141355,309.6109313964844,309.66461181640625,86.75472259521484,87.70580291748047,368.5791015625,0.07240236550569534,8.754375457763672,0.595372847569333,-0.7447490318183954,-0.1975773580148394,0.019726643092696172,-0.9397689251642815,CIV
2,2021,DHS 2021,90,Diabo,CIV.11.1.4_1,Gbeke,diabo,533.2037115141355,309.6109313964844,309.66461181640625,86.75472259521484,87.70580291748047,292.943603515625,0.431759774684906,8.799375534057617,0.595372847569333,-1.3182440505343158,0.9427302556239977,0.2595273298961378,-0.9397689251642815,CIV
1,2011,DHS 2011-12,91,Sakassou,CIV.11.1.5_1,Gbeke,sakassou,1905.3794687205339,236.78292846679688,233.116455078125,104.32743072509766,106.86180877685547,387.8057556152344,0.03128476440906525,8.72863483428955,0.015226764844156727,-0.5989657605958825,-0.3518367629048339,-0.11744243963336015,-0.6836853308877273,CIV
2,2021,DHS 2021,91,Sakassou,CIV.11.1.5_1,Gbeke,sakassou,1905.3794687205339,236.78292846679688,233.116455078125,104.32743072509766,106.86180877685547,297.10693359375,0.1463337391614914,8.894315719604492,0.015226764844156727,-1.2866762137019978,0.06546982574411157,0.7654536210133384,-0.6836853308877273,CIV
1,2011,DHS 2011-12,92,Dabakala,CIV.11.2.1_1,Hambol,dabakala,9797.279810753374,275.0043640136719,276.6925964355469,174.83447265625,199.046875,287.86346435546875,0.0035553572233766317,8.82091236114502,0.3196977817146928,-1.3567634571352705,-0.4593809393109445,0.3742948225863875,0.3437998231411534,CIV
2,2021,DHS 2021,92,Dabakala,CIV.11.2.1_1,Hambol,dabakala,9797.279810753374,275.0043640136719,276.6925964355469,174.83447265625,199.046875,340.4475402832031,0.09144636988639832,9.043001174926758,0.3196977817146928,-0.9580524499089305,-0.12812415042651684,1.5577828177698123,0.3437998231411534,CIV
1,2011,DHS 2011-12,93,Katiola,CIV.11.2.2_1,Hambol,katiola,2770.1928749890385,275.4815368652344,272.6034851074219,130.93927001953125,139.90924072265625,352.228515625,0.04701046273112297,8.745585441589355,0.32349892893115645,-0.8687249403584761,-0.29212488800082653,-0.027114431172283307,-0.29587626887754304,CIV
2,2021,DHS 2021,93,Katiola,CIV.11.2.2_1,Hambol,katiola,2770.1928749890385,275.4815368652344,272.6034851074219,130.93927001953125,139.90924072265625,308.91387939453125,0.27339088916778564,8.868857383728027,0.32349892893115645,-1.1971517869731563,0.4802161118412845,0.6297888192878716,-0.29587626887754304,CIV
1,2011,DHS 2011-12,94,Niakarmadougou,CIV.11.2.3_1,Hambol,niakarmadougou,6625.663612727372,330.0980529785156,329.13641357421875,195.03875732421875,191.6674041748047,335.4266052246094,0.011546495370566845,8.738452911376953,0.7585727549401946,-0.996122950133773,-0.4280867552570684,-0.06512293658920655,0.6382328609699457,CIV
2,2021,DHS 2021,94,Niakarmadougou,CIV.11.2.3_1,Hambol,niakarmadougou,6625.663612727372,330.0980529785156,329.13641357421875,195.03875732421875,191.6674041748047,330.1101379394531,0.07738964259624481,8.989211082458496,0.7585727549401946,-1.0364342799185478,-0.17927034237004266,1.2711410567013912,0.6382328609699457,CIV
1,2011,DHS 2011-12,95,Koro,CIV.12.1.1_1,Bafing,koro,3185.795161019604,448.1216125488281,447.54638671875,135.87242126464844,131.2230224609375,473.4154968261719,0.00985732302069664,8.366621971130371,1.6987455318884268,0.05015748716278305,-0.43468108565165975,-2.0465710182205012,-0.22398643308090807,CIV
2,2021,DHS 2021,95,Koro,CIV.12.1.1_1,Bafing,koro,3185.795161019604,448.1216125488281,447.54638671875,135.87242126464844,131.2230224609375,415.85223388671875,0.042820341885089874,8.565091133117676,1.6987455318884268,-0.38630747187472897,-0.3079470462363943,-0.9889496701370817,-0.22398643308090807,CIV
1,2011,DHS 2011-12,96,Ouaninou,CIV.12.1.2_1,Bafing,ouaninou,2178.234066941279,527.35845947265625,530.87969970703125,199.92393493652344,210.6376953125,465.9638366699219,0.0023612570948898792,8.118927001953125,2.329944308473506,-0.006343627936965248,-0.46407855668823234,-3.3665115298425397,0.7094235865195814,CIV
2,2021,DHS 2021,96,Ouaninou,CIV.12.1.2_1,Bafing,ouaninou,2178.234066941279,527.35845947265625,530.87969970703125,199.92393493652344,210.6376953125,443.7971496582031,0.036004483699798584,8.402402877807617,2.329944308473506,-0.17441926584414275,-0.33382047150556643,-1.855898319365368,0.7094235865195814,CIV
1,2011,DHS 2011-12,97,Touba,CIV.12.1.3_1,Bafing,touba,3613.304697940376,437.6506652832031,418.09503173828125,99.14464569091797,110.36568450927734,452.83941650390625,0.010465145111083984,8.293403625488281,1.615334223130735,-0.10585760990453312,-0.4323069500598048,-2.4367439027484172,-0.7592130304378317,CIV
2,2021,DHS 2021,97,Touba,CIV.12.1.3_1,Bafing,touba,3613.304697940376,437.6506652832031,418.09503173828125,99.14464569091797,110.36568450927734,380.0054016113281,0.08296830207109451,8.545467376708984,1.615334223130735,-0.6581107954139066,-0.15889265837783997,-1.0935226098300928,-0.7592130304378317,CIV
1,2011,DHS 2011-12,98,Dianra,CIV.12.2.1_1,Béré,dianra,3138.3521723269287,357.53997802734375,356.707763671875,210.14227294921875,209.00192260742188,306.5488586425781,0.0023685528431087732,8.646427154541016,0.977174455921697,-1.2150842083285933,-0.46404983805884953,-0.5555185427814013,0.8583334020404978,CIV
2,2021,DHS 2021,98,Dianra,CIV.12.2.1_1,Béré,dianra,3138.3521723269287,357.53997802734375,356.707763671875,210.14227294921875,209.00192260742188,315.7608337402344,0.06536388397216797,8.889373779296875,0.977174455921697,-1.1452357645758091,-0.22355920663615778,0.7391185394422063,0.8583334020404978,CIV
1,2011,DHS 2011-12,99,Kounahiri,CIV.12.2.2_1,Béré,kounahiri,1493.2911012688705,270.82464599609375,268.90673828125,130.89639282226563,132.89248657226563,426.47271728515625,0.0025118831545114517,8.6899566650390625,0.28640225063807,-0.3057792214811866,-0.4634856819608905,-0.32355434686616613,-0.29650110977896416,CIV
2,2021,DHS 2021,99,Kounahiri,CIV.12.2.2_1,Béré,kounahiri,1493.2911012688705,270.82464599609375,268.90673828125,130.89639282226563,132.89248657226563,334.61395263671875,0.13488171994686127,8.972784996032715,0.28640225063807,-1.0022847686335077,0.02585396193909732,1.1836081649643828,-0.29650110977896416,CIV
1,2011,DHS 2011-12,100,Mankono,CIV.12.2.3_1,Béré,mankono,6599.694937319697,315.16864013671875,315.52435302734375,195.4667205810547,196.78952026367188,357.0302734375,0.0034569762647151947,8.677271842956543,0.6396454188999976,-0.8323163193054046,-0.4597677609214524,-0.3911504333149555,0.6444694847287208,CIV
2,2021,DHS 2021,100,Mankono,CIV.12.2.3_1,Béré,mankono,6599.694937319697,315.16864013671875,315.52435302734375,195.4667205810547,196.78952026367188,312.4283752441406,0.10547825694084167,8.903907775878906,0.6396454188999976,-1.1705036400699704,-0.07772113164183903,0.8165686828509389,0.6444694847287208,CIV
1,2011,DHS 2011-12,101,Kani,CIV.12.3.1_1,Worodougou,kani,4769.378009842324,366.56964111328125,369.2105407714844,160.359130859375,169.788330078125,370.20623779296875,0.0026602742727845907,8.520090103149414,1.0491045303010857,-0.7324115111165722,-0.46290169121877334,-1.2287554389709308,0.13285353482138584,CIV
2,2021,DHS 2021,101,Kani,CIV.12.3.1_1,Worodougou,kani,4769.378009842324,366.56964111328125,369.2105407714844,160.359130859375,169.788330078125,364.0985412597656,0.0364682711660862,8.709695816040039,1.0491045303010857,-0.77872222008354,-0.3320545153997596,-0.21836648149386004,0.13285353482138584,CIV
1,2011,DHS 2011-12,102,Séguéla,CIV.12.3.2_1,Worodougou,séguéla,6669.522839054717,322.1318359375,327.2474060058594,113.57939147949219,122.19416809082031,394.51861572265625,0.012760148383677006,8.584022521972656,0.695114065637047,-0.548066488000925,-0.4233555911810579,-0.8880662845198409,-0.5488583397046233,CIV
2,2021,DHS 2021,102,Séguéla,CIV.12.3.2_1,Worodougou,séguéla,6669.522839054717,322.1318359375,327.2474060058594,113.57939147949219,122.19416809082031,363.7659912109375,0.13290762901306152,8.727032661437988,0.695114065637047,-0.7812437318260617,0.018984633650842356,-0.12598025071778735,-0.5488583397046233,CIV
1,2011,DHS 2011-12,103,Attiégoukaro,CIV.13.1.1_1,Yamoussoukro,attiégoukaro,824.121465946874,197.45616149902344,194.11891174316406,47.23851013183594,52.84056091308594,352.184326171875,0.09163763374090195,8.6983489990234375,-0.2980492949789698,-0.8690600003752854,-0.12743277780555998,-0.27883247928107124,-1.515630860901418,CIV
2,2021,DHS 2021,103,Attiégoukaro,CIV.13.1.1_1,Yamoussoukro,attiégoukaro,824.121465946874,197.45616149902344,194.11891174316406,47.23851013183594,52.84056091308594,326.59210205078125,0.16653436422348022,8.908624649047852,-0.2980492949789698,-1.0631092686462846,0.13439449711392965,0.841704405245925,-1.515630860901418,CIV
1,2011,DHS 2011-12,104,Yamoussoukro,CIV.13.1.2_1,Yamoussoukro,yamoussoukro,1238.3039470868775,198.9484100341797,200.7603302001953,32.21725082397461,37.538970947265625,350.78277587890625,1.3629156351089478,8.684754371643066,-0.2861620797966573,-0.8796870489470986,2.919474628517602,-0.35127682273851757,-1.7345326969579715,CIV
2,2021,DHS 2021,104,Yamoussoukro,CIV.13.1.2_1,Yamoussoukro,yamoussoukro,1238.3039470868775,198.9484100341797,200.7603302001953,32.21725082397461,37.538970947265625,368.9908142089844,1.8549896478652954,8.89822769165039,-0.2861620797966573,-0.7416272813441035,3.6658828257027927,0.7863001097444814,-1.7345326969579715,CIV
1,2011,DHS 2011-12,105,Bouna,CIV.14.1.1_1,Bounkani,bouna,15599.339608647764,NA,298.88446044921875,NA,345.9003601074219,274.95758056640625,6.215166067704558e-4,8.805951118469238,NA,-1.454620419226891,-0.47093276162179254,0.29456792955514116,NA,CIV
2,2021,DHS 2021,105,Bouna,CIV.14.1.1_1,Bounkani,bouna,15599.339608647764,NA,298.88446044921875,NA,345.9003601074219,368.0106506347656,0.023390499874949455,9.047737121582031,NA,-0.7490592272141878,-0.38215614451988894,1.5830201807729465,NA,CIV
1,2011,DHS 2011-12,106,Doropo,CIV.14.1.2_1,Bounkani,doropo,858.0620417991533,333.288330078125,331.8111877441406,215.8197479248047,219.4583740234375,246.05592346191406,0.002518103225156665,8.90000057220459,0.7839864239643627,-1.6737629754349503,-0.463461201242128,0.7957476042718327,0.9410701201045071,CIV
2,2021,DHS 2021,106,Doropo,CIV.14.1.2_1,Bounkani,doropo,858.0620417991533,333.288330078125,331.8111877441406,215.8197479248047,219.4583740234375,369.8315124511719,0.05885906517505646,9.157499313354492,0.7839864239643627,-0.7352528108033138,-0.24772417236983904,2.1679313884819136,0.9410701201045071,CIV
1,2011,DHS 2011-12,107,Nassian,CIV.14.1.3_1,Bounkani,nassian,2465.52770474322,288.3824157714844,283.3084411621094,223.98504638671875,221.6591796875,326.0447998046875,0.002679954981431365,8.752961158752441,0.42626701346038176,-1.0672591072798887,-0.4628242446136199,0.012189991998526207,1.0600613969761679,CIV
2,2021,DHS 2021,107,Nassian,CIV.14.1.3_1,Bounkani,nassian,2465.52770474322,288.3824157714844,283.3084411621094,223.98504638671875,221.6591796875,392.7671813964844,0.026210159063339233,8.967851638793945,0.42626701346038176,-0.561346480697544,-0.37129995641014846,1.1573188216669172,1.0600613969761679,CIV
1,2011,DHS 2011-12,108,Tehini,CIV.14.1.4_1,Bounkani,tehini,2944.2370253630966,328.7034606933594,324.89764404296875,268.51739501953125,274.1018371582031,258.4214172363281,0,8.91455078125,0.7474634670470024,-1.5800034410005475,-0.473384293447336,0.873284142197491,1.709022491371996,CIV
2,2021,DHS 2021,108,Tehini,CIV.14.1.4_1,Bounkani,tehini,2944.2370253630966,328.7034606933594,324.89764404296875,268.51739501953125,274.1018371582031,362.4494934082031,0.021254457533359528,9.182229042053223,0.7474634670470024,-0.7912258824235324,-0.39040021752483545,2.299713518976129,1.709022491371996,CIV
1,2011,DHS 2011-12,109,Bondoukou,CIV.14.2.1_1,Gontougo,bondoukou,6935.940273715923,NA,329.8026123046875,NA,279.4869384765625,321.5312194824219,0.020595310255885124,8.677297592163086,NA,-1.1014826649774834,-0.39294768361780263,-0.3910132184939558,NA,CIV
2,2021,DHS 2021,109,Bondoukou,CIV.14.2.1_1,Gontougo,bondoukou,6935.940273715923,NA,329.8026123046875,NA,279.4869384765625,435.6894226074219,0.10849380493164063,8.88603401184082,NA,-0.2358949114973213,-0.06697272480937347,0.7213212689555015,NA,CIV
1,2011,DHS 2011-12,110,Koun-Fao,CIV.14.2.2_1,Gontougo,koun fao,3877.9592971021207,215.3181915283203,208.6385498046875,223.95057678222656,229.747314453125,386.76690673828125,0.021090181544423103,8.792657852172852,-0.1557608024464929,-0.6068426791264118,-0.3910349559369556,0.22372950770643235,1.0595590782586197,CIV
2,2021,DHS 2021,110,Koun-Fao,CIV.14.2.2_1,Gontougo,koun fao,3877.9592971021207,215.3181915283203,208.6385498046875,223.95057678222656,229.747314453125,471.7855224609375,0.05652731657028198,8.864418983459473,-0.1557608024464929,0.03779844672231119,-0.25642262327986615,0.6061370497718452,1.0595590782586197,CIV
1,2011,DHS 2011-12,111,Sandégué,CIV.14.2.3_1,Gontougo,sandégué,2801.0939607165465,227.65357971191406,225.8633270263672,194.7718963623047,194.36643981933594,339.7386779785156,0.008345932699739933,8.801405906677246,-0.0574974031258293,-0.9634272938802337,-0.44059073258277237,0.27034697263348634,0.6343439490393572,CIV
2,2021,DHS 2021,111,Sandégué,CIV.14.2.3_1,Gontougo,sandégué,2801.0939607165465,227.65357971191406,225.8633270263672,194.7718963623047,194.36643981933594,405.9921569824219,0.037609148770570755,8.97447681427002,-0.0574974031258293,-0.46107005207570356,-0.3277137745853384,1.1926236869071054,0.6343439490393572,CIV
1,2011,DHS 2011-12,112,Tanda,CIV.14.2.4_1,Gontougo,tanda,1503.843927456873,253.7860565185547,248.35997009277344,207.5944366455078,209.3525390625,357.68719482421875,0.0546753816306591,8.794398307800293,0.15067326531768246,-0.8273353096908758,-0.26334484688675525,0.23300421319993214,0.8212042883341667,CIV
2,2021,DHS 2021,112,Tanda,CIV.14.2.4_1,Gontougo,tanda,1503.843927456873,253.7860565185547,248.35997009277344,207.5944366455078,209.3525390625,503.85052490234375,0.12829992175102234,8.857767105102539,0.15067326531768246,0.28092660281462223,0.0029043104577443895,0.5706898876802502,0.8212042883341667,CIV
1,2011,DHS 2011-12,113,Transua,CIV.14.2.5_1,Gontougo,transua,1042.4240327670918,254.2364959716797,254.3131103515625,214.16259765625,215.05661010742188,397.7162170410156,0.029571522027254105,8.723301887512207,0.15426145493874943,-0.5238211471851342,-0.35839702093588255,-0.14586115367152497,0.9169207975361665,CIV
2,2021,DHS 2021,113,Transua,CIV.14.2.5_1,Gontougo,transua,1042.4240327670918,254.2364959716797,254.3131103515625,214.16259765625,215.05661010742188,504.3058166503906,0.11374124139547348,8.80433177947998,0.15426145493874943,0.2843787854049388,-0.04833865478754211,0.2859386419233808,0.9169207975361665,CIV
